Workbook
Name QryTeamCCOQJuly: TeamToQueueMap!$A$1:$C$859
Name UniqueCCOQueueCodes: Unique_CCO_Queue_Code_Update!$B$1:$I$439
Name UniqueCCOQueueCodes: UniqueCCOQueueCodes!$A$1:$I$553

Sheet Sheet1
A3: Domain | B3: LOB Alignment | C3: epicenter_cco_queue_code | D3: epicenter_cco_queue_desc | E3: Flag
A4: All | B4: All | C4: AO06 | D4: APJ Upsell-Operations Multi | E4: Y | F4: #N/A
C5: ES01 | D5: EMEA Static Central | E5: Y | F5: 1
C6: RR03 | D6: Support Ops ROLA | E6: Y | F6: #N/A
A7: CTE | B7: CTE | C7: CT11 | D7: CTE ANZ | E7: Y | F7: 4
C8: CT13 | D8: CTE CCC | E8: Y | F8: 2
C9: CT14 | D9: CTE IND | E9: Y | F9: 8
C10: CT15 | D10: CTE JPN | E10: Y | F10: #N/A
C11: CT16 | D11: CTE KOR | E11: Y | F11: #N/A
C12: CT18 | D12: CTE SA | E12: Y | F12: 6
C13: CT95 | D13: CTE NW IND | E13: Y | F13: 2
C14: CT96 | D14: CTE Storage IND | E14: Y | F14: 2
C15: CTE2 | D15: NA CTE Server | E15: Y | F15: 12
C16: CTE3 | D16: EMEA SERVER CTE | E16: Y | F16: 3
C17: CTE4 | D17: EMEA MODULAR CTE | E17: Y | F17: 9
C18: CTE6 | D18: NA CTE Storage | E18: Y | F18: #N/A
C19: GCTE | D19: CTE Global English | E19: Y | F19: #N/A
C20: PS03 | D20: Brazil ESG CTE | E20: Y | F20: 6
C21: SS03 | D21: MMCLA ESG CTE | E21: Y | F21: 3
A22: DPD | B22: Avamar | C22: AP12 | D22: APJ DPD AVAMAR Chinese | E22: Y | F22: 18
C23: GH01 | D23: GLOBAL DPD AVAMAR | E23: Y | F23: 60
C24: HE36 | D24: HES Global AVAMAR | E24: Y | F24: #N/A
C25: HEG4 | D25: AMER English Avamar | E25: Y | F25: #N/A
C26: HEG8 | D26: EMEA English Avamar | E26: Y | F26: #N/A
C27: IS11 | D27: APJ DPD AVAMAR | E27: Y | F27: 22
C28: IS38 | D28: EMEA DPD AVAMAR | E28: Y | F28: 29
C29: IS65 | D29: India DPD AVAMAR | E29: Y | F29: #N/A
C30: IS92 | D30: LATAM DPD AVAMAR | E30: Y | F30: 19
C31: IU20 | D31: NAMER DPD AVAMAR | E31: Y | F31: 77.8
B32: Cloudboost | C32: GH02 | D32: GLOBAL DPD Cloudboost | E32: Y | F32: #N/A
C33: HE44 | D33: HES Global Cloudboost | E33: Y | F33: #N/A
B34: DataDomain | C34: AP14 | D34: APJ DPD DataDomain Chinese | E34: Y | F34: 14
C35: GH03 | D35: GLOBAL DPD DataDomain | E35: Y | F35: 44.8
C36: HE38 | D36: HES Global DATADomain | E36: Y | F36: #N/A
C37: HEH6 | D37: AMER English DataDomain | E37: Y | F37: #N/A
C38: HEJ1 | D38: EMEA English DataDomain | E38: Y | F38: #N/A
C39: IS15 | D39: APJ DPD DataDomain | E39: Y | F39: 18
C40: IS42 | D40: EMEA DPD DataDomain | E40: Y | F40: 37.5769
C41: IS69 | D41: India DPD DataDomain | E41: Y | F41: #N/A
C42: IS96 | D42: LATAM DPD DataDomain | E42: Y | F42: 11
C43: IU24 | D43: NAMER DPD DataDomain | E43: Y | F43: 62
B44: DPA | C44: GH04 | D44: GLOBAL DPD DPA | E44: Y | F44: 13
C45: HE42 | D45: HES Global DPA | E45: Y | F45: #N/A
C46: IS98 | D46: LATAM DPD DPA | E46: Y | F46: #N/A
B47: DPADSRT | C47: GH05 | D47: GLOBAL DPD DPADSRT | E47: Y | F47: #N/A
B48: DPSolutions | C48: AP26 | D48: APJ DPD DPSolutions Chinese | E48: Y | F48: #N/A
C49: GH06 | D49: GLOBAL DPD DPSolutions | E49: Y | F49: #N/A
C50: IS19 | D50: APJ DPD DPSolutions | E50: Y | F50: #N/A
B51: Networker | C51: AP18 | D51: APJ DPD Networker Chinese | E51: Y | F51: 15
C52: GH08 | D52: GLOBAL DPD Networker | E52: Y | F52: 46
C53: HE37 | D53: HES Global Networker | E53: Y | F53: #N/A
C54: HED3 | D54: AMER English Networker | E54: Y | F54: #N/A
C55: HED7 | D55: EMEA English Networker | E55: Y | F55: #N/A
C56: IS23 | D56: APJ DPD Networker | E56: Y | F56: 18
C57: IS50 | D57: EMEA DPD Networker | E57: Y | F57: 23
C58: IS77 | D58: India DPD Networker | E58: Y | F58: #N/A
C59: IU05 | D59: LATAM DPD Networker | E59: Y | F59: 15
C60: IU32 | D60: NAMER DPD Networker | E60: Y | F60: 29
B61: PowerProtect | C61: GH10 | D61: GLOBAL DPD PowerProtect | E61: Y | F61: 53
C62: PowerProtect | D62: NAMER DPD PowerProtect | E62: Y | F62: #N/A
B63: PowerProtect Cyber | C63: GH25 | D63: Global DPD PowerProtect Cyber | E63: Y | F63: 24
B64: RecoverPoint | C64: GH11 | D64: GLOBAL DPD RecoverPoint | E64: Y | F64: 64
C65: HE39 | D65: HES Global RecoverPoint | E65: Y | F65: #N/A
B66: Sourceone | C66: GH12 | D66: GLOBAL DPD SOURCEONE | E66: Y | F66: 9
C67: HE43 | D67: HES Global SOURCEONE | E67: Y | F67: #N/A
B68: Wipro | C68: HW03 | D68: HES Global DPD Solutions WIPRO | E68: Y | F68: #N/A
C69: HW06 | D69: HES Global RecoverPoint WIPRO | E69: Y | F69: #N/A
A70: E2E | B70: E2E Connectivity | C70: CT20 | D70: GLOBAL E2E Connectivity | E70: Y | F70: 34
C71: HE53 | D71: HES Global E2E CONNECTIVITY | E71: Y | F71: #N/A
A72: GNCS | B72: APEX | C72: AX01 | D72: HCS Global APEX | E72: Y | F72: 22
B73: Converged | C73: CT19 | D73: HCS Global Converged | E73: Y | F73: #N/A
C74: CV02 | D74: HCS AMER Converged Infrastructure | E74: Y | F74: 33
C75: CV03 | D75: HCS APJ Converged Infrastructure | E75: Y | F75: 22
C76: CV04 | D76: HCS EMEA Converged Infrastructure | E76: Y | F76: 18
C77: CV05 | D77: HCS Global Converged Infrastructure | E77: Y | F77: 68
B78: Hyperconverged | C78: AP15 | D78: HCS APJ VxRail Chinese | E78: Y | F78: 39
C79: AP16 | D79: HCS APJ VxRail Japanese | E79: Y | F79: 20
C80: BZ22 | D80: HCS LATAM BRZ VxRail | E80: Y | F80: 20
C81: CT76 | D81: GLOBAL VxRail CTE | E81: Y | F81: 9
C82: EG13 | D82: HCS Global Cloud Solutions | E82: Y | F82: 68
C83: GH13 | D83: HCS Global VxRail | E83: Y | F83: 82
C84: HE20 | D84: HES Global Hyperconverged | E84: Y | F84: #N/A
C85: HE58 | D85: German VXRail | E85: Y | F85: #N/A
C86: HE61 | D86: French VXRail | E86: Y | F86: #N/A
C87: HE63 | D87: UKI VXRail | E87: Y | F87: #N/A
C88: HE67 | D88: Spanish VxRail | E88: Y | F88: #N/A
C89: HE71 | D89: APJ English VxRail | E89: Y | F89: #N/A
C90: HE72 | D90: HCS APJ VxRail Korean | E90: Y | F90: 4
C91: IS20 | D91: HCS APJ VxRail | E91: Y | F91: 33
C92: IS47 | D92: HCS EMEA VxRail | E92: Y | F92: 94.8
C93: IS74 | D93: India GNCS Hyperconverged | E93: Y | F93: #N/A
C94: IU02 | D94: HCS LATAM VxRail | E94: Y | F94: #N/A
C95: IU29 | D95: HCS NAMER VxRail | E95: Y | F95: 113
C96: IV03 | D96: HCS APJ VxRail English NAMER AOH | E96: Y | F96: 19
C97: RL15 | D97: HCS LATAM MMCLA VxRail | E97: Y | F97: 18
C98: VX02 | D98: NA VX Rail Storage | E98: Y | F98: #N/A
C99: VX03 | D99: VXRail | E99: Y | F99: #N/A
B100: Powerflex | C100: GH14 | D100: HCS Global PowerFlex | E100: Y | F100: #N/A
B101: VMWare | C101: CT29 | D101: HCS Global Vmware | E101: Y | F101: 48
B102: Global Solutions | C102: GH15 | D102: HCS Global Solutions | E102: Y | F102: 19
...

Sheet Sheet8
A1: Status | B1: (All)
A3: Row Labels | D3: Row Labels | E3: Count of epicenter_cco_queue_desc
A4: AM02 | D4: Active | E4: 199
A5: AM04 | D5: Inactive | E5: 406
A6: AM05 | D6: Grand Total | E6: 605
A7: AM08
A8: AN02
A9: AN03
A10: AO06
A11: AO11
A12: AO14
A13: AP10
A14: AP11
A15: AP12
A16: AP13
A17: AP14
A18: AP15
... A615: Grand Total

Sheet UniqueCCOQueueCodes
A1: epicenter_cco_queue_code | B1: epicenter_cco_queue_desc | C1: L5 | D1: Domain | E1: LOB Alignment | F1: Flag | G1: GS Flag | H1: Resource Region | I1: Resource Sub Region | J1: Utilization | K1: Attrition | L1: Reason | M1: Coverage | N1: Queue Type | O1: Queue Description | P1: Capacity Planner | Q1: Business Owner | R1: Coverage HC | S1: Manual Adj% | T1: HES/ESG | U1: H&T Leadtime | V1: Status | W1: HC_Week 3 | X1: Scope to Merge | Y1: Coverage Time | Z1: Coverage Days | AA1: Comment | AB1: Language | AC1: Scheduler
A2: CV02 | B2: HCS AMER Converged Infrastructure | C2: D'Arcy, Mark | D2: GNCS | E2: Powerflex | F2: Y | G2: Combined | H2: NAMER | J2: 0.648 | K2: 0.020441446 | M2: 12/7 | N2: L1 | O2: =A2&"_"&B2 -> CV02_HCS AMER Converged Infrastructure | P2: Douglas Lumb | Q2: Bethany Rana | R2: 14 | T2: Custom Model | U2: 13 | V2: Inactive | W2: 0 | Y2: 08:30-18:00 CST | Z2: Sat-Fri | AB2: English | AC2: #N/A
A3: CV03 | B3: HCS APJ Converged Infrastructure | C3: D'Arcy, Mark | D3: GNCS | E3: Powerflex | F3: Y | G3: Combined | H3: APJ | J3: 0.629 | K3: 0.022785399 | M3: 12/7 | N3: L1 | O3: =A3&"_"&B3 -> CV03_HCS APJ Converged Infrastructure | P3: Douglas Lumb | Q3: Bethany Rana | R3: 14 | T3: Custom Model | U3: 13 | V3: Inactive | W3: 0 | Y3: 06:00-21:00 IST | Z3: Sat-Fri | AB3: English | AC3: #N/A
A4: CV04 | B4: HCS EMEA Converged Infrastructure | C4: D'Arcy, Mark | D4: GNCS | E4: Powerflex | F4: Y | G4: Combined | H4: EMEA | J4: 0.617 | K4: 0.03896738 | M4: 12/7 | N4: L1 | O4: =A4&"_"&B4 -> CV04_HCS EMEA Converged Infrastructure | P4: Douglas Lumb | Q4: Bethany Rana | R4: 14 | T4: Custom Model | U4: 13 | V4: Inactive | W4: 0 | Y4: 01:00-09:00 CST | Z4: Sat- Fri | AB4: English | AC4: #N/A
A5: CV05 | B5: HCS Global Converged Infrastructure | C5: D'Arcy, Mark | D5: GNCS | E5: Powerflex | F5: Y | G5: Combined | H5: Global | J5: 0.633 | K5: 0.01867017 | M5: 24/7 | N5: Non-L1 | O5: =A5&"_"&B5 -> CV05_HCS Global Converged Infrastructure | P5: Douglas Lumb | Q5: Bethany Rana | R5: 24 | T5: Custom Model | U5: 13 | V5: Inactive | W5: 0 | Y5: 24*7 | Z5: Sat- Fri | AB5: English | AC5: #N/A
A6: BT02 | B6: Brazil Midrange | C6: Kenneally, Niall | D6: Midrange | E6: Midrange | F6: Y | G6: Front Line | H6: LATAM | I6: Brazil | J6: 0.626 | K6: 0.015604681 | M6: 0 | N6: L1 | O6: =A6&"_"&B6 -> BT02_Brazil Midrange | P6: Vikesh Gupta - Dellteam | Q6: Lucas Serafim | T6: Custom Model | U6: 13 | V6: Inactive | W6: 0 | Y6: #N/A | Z6: #N/A | AB6: Portuguese | AC6: #N/A
A7: BT03 | B7: MMCLA Midrange | C7: Kenneally, Niall | D7: Midrange | E7: Midrange | F7: Y | G7: Front Line | H7: LATAM | I7: MMCLA | J7: 0.626 | K7: 0.015604681 | M7: 0 | N7: L1 | O7: =A7&"_"&B7 -> BT03_MMCLA Midrange | P7: Vikesh Gupta - Dellteam | Q7: Lucas Serafim | T7: Custom Model | U7: 13 | V7: Inactive | W7: 0 | Y7: #N/A | Z7: #N/A | AB7: Spanish | AC7: #N/A
A8: HE02 | B8: Global AST | C8: Brown, Dexter | D8: GIST | E8: GIST | F8: N | G8: Backline | H8: EMEA | I8: Egypt | J8: 0.633 | M8: 12/7 | N8: L1 | O8: =A8&"_"&B8 -> HE02_Global AST | P8: Zhuo Chen | Q8: StephenRaj Kumar / CZ | R8: 14 | T8: Custom Model | U8: 13 | V8: Inactive | W8: 28 | Y8: Sat: 08:00-17:00, Sun-Fri 24/6 CST | Z8: Sat- Fri | AB8: English | AC8: Bansode, Mahendra - Dell Team
A9: BT10 | B9: CCC CNS Mandarin Voice | C9: Yap, Diane | D9: Server | E9: Server | F9: Y | G9: Front Line | H9: APJ | I9: China | J9: 0.629 | K9: 0.0078864353 | N9: L1 | O9: =A9&"_"&B9 -> BT10_CCC CNS Mandarin Voice | P9: Sarthak Shahir - Dellteam | Q9: StephenRaj Kumar | R9: 24 | T9: ESG | U9: 13 | V9: Inactive | W9: 59 | AA9: =IFERROR("Queue Got Merged in "&VLOOKUP(A9,'CQNs Merged_Split'!$B$7:$D$103,3,FALSE),"") | AB9: Mandarin | AC9: Wei Han, Ying - Dell Team
A10: CC14 | B10: CCC CNS Cantonese | C10: Yap, Diane | D10: Server | E10: Server | F10: Y | G10: Front Line | H10: APJ | I10: China | J10: 0.629 | K10: 0.022785399 | M10: 12/5 | N10: L1 | O10: =A10&"_"&B10 -> CC14_CCC CNS Cantonese | P10: Sarthak Shahir - Dellteam | Q10: StephenRaj Kumar | R10: 8 | T10: ESG | U10: 13 | V10: Inactive | W10: 11 | Y10: Email & Voice: 24*7, Chat: Mon-Fri 09:00-18:00 (GMT+8) | Z10: Sat- Fri | AA10: =IFERROR("Queue Got Merged in "&VLOOKUP(A10,'CQNs Merged_Split'!$B$7:$D$103,3,FALSE),"") | AB10: Cantonese | AC10: #N/A
A11: CE03 | B11: CCC CNS Mandarin Email | C11: Yap, Diane | D11: Server | E11: Server | F11: Y | G11: Front Line | H11: APJ | I11: China | J11: 0.629 | K11: 0.022785399 | M11: 12/5 | N11: L1 | O11: =A11&"_"&B11 -> CE03_CCC CNS Mandarin Email | P11: Sarthak Shahir - Dellteam | Q11: StephenRaj Kumar | R11: 8 | T11: ESG | U11: 13 | V11: Inactive | W11: 9 | Y11: Email: 24*7, Chat: Mon-Fri 8:30-17:30 (GMT+8) | Z11: Sat- Fri | AA11: =IFERROR("Queue Got Merged in "&VLOOKUP(A11,'CQNs Merged_Split'!$B$7:$D$103,3,FALSE),"") | AB11: Mandarin | AC11: #N/A
A12: AM02 | B12: Enterprise Support Services US | C12: No Assigned L6 | E12: Enterprise | F12: Y | G12: #N/A | H12: NAMER | I12: United States | J12: 0.648 | M12: 12/7 | O12: =A12&"_"&B12 -> AM02_Enterprise Support Services US | P12: Zhuo Chen | R12: 14 | T12: ESG | V12: Inactive | W12: 0 | Y12: #N/A | Z12: #N/A | AB12: English | AC12: #N/A
A13: AM04 | B13: Networking ProSupport Analysts US | C13: No Assigned L6 | D13: Networking | E13: Networking | F13: Y | G13: #N/A | H13: NAMER | I13: United States | J13: 0.648 | M13: 12/7 | O13: =A13&"_"&B13 -> AM04_Networking ProSupport Analysts US | P13: Zhuo Chen | R13: 14 | T13: ESG | V13: Inactive | W13: 0 | Y13: #N/A | Z13: #N/A | AB13: English | AC13: #N/A
A14: AM05 | B14: Networking ProSupport RTSE US | C14: No Assigned L6 | D14: Networking | E14: Networking | F14: Y | G14: #N/A | H14: NAMER | I14: United States | J14: 0.648 | M14: 12/7 | O14: =A14&"_"&B14 -> AM05_Networking ProSupport RTSE US | P14: Zhuo Chen | R14: 14 | T14: ESG | V14: Inactive | W14: 0 | Y14: #N/A | Z14: #N/A | AB14: English | AC14: #N/A
A15: AO06 | B15: APJ Upsell-Operations Multi | C15: No Assigned L6 | D15: All | E15: All | F15: Y | G15: #N/A | H15: APJ | I15: India | J15: 0.629 | M15: 12/7 | O15: =A15&"_"&B15 -> AO06_APJ Upsell-Operations Multi | P15: Zhuo Chen | R15: 14 | T15: ESG | V15: Inactive | W15: 0 | Y15: #N/A | Z15: #N/A | AB15: Multiple Languages | AC15: #N/A
A16: BR02 | B16: Brazil Senior and Master Engineer | C16: No Assigned L6 | D16: Server | E16: Enterprise | F16: N | G16: #N/A | H16: LATAM | I16: Brazil | J16: 0.571 | M16: 12/7 | O16: =A16&"_"&B16 -> BR02_Brazil Senior and Master Engineer | P16: Zhuo Chen | R16: 14 | T16: ESG | V16: Inactive | W16: 0 | Y16: #N/A | Z16: #N/A | AB16: Portuguese | AC16: #N/A
A17: CC07 | B17: Enterprise Core CCC | C17: No Assigned L6 | D17: Server | E17: Server | F17: Y | G17: #N/A | H17: APJ | I17: China | J17: 0.629 | M17: 12/7 | O17: =A17&"_"&B17 -> CC07_Enterprise Core CCC | P17: Zhuo Chen | R17: 14 | T17: ESG | V17: Inactive | W17: 0 | Y17: #N/A | Z17: #N/A | AB17: Mandarin | AC17: #N/A
A18: CC09 | B18: Server ProSupport CCC | C18: No Assigned L6 | F18: Y | G18: #N/A | O18: =A18&"_"&B18 -> CC09_Server ProSupport CCC | P18: Zhuo Chen | T18: ESG | V18: Inactive | W18: 0 | Y18: #N/A | Z18: #N/A | AB18: Mandarin | AC18: #N/A
A19: CC22 | B19: Enterprise TW | C19: No Assigned L6 | F19: Y | G19: #N/A | O19: =A19&"_"&B19 -> CC22_Enterprise TW | P19: Zhuo Chen | T19: ESG | V19: Inactive | W19: 0 | Y19: #N/A | Z19: #N/A | AB19: Mandarin | AC19: #N/A
A20: CC23 | B20: Server ProSupport Plus CCC | C20: No Assigned L6 | F20: Y | G20: #N/A | O20: =A20&"_"&B20 -> CC23_Server ProSupport Plus CCC | P20: Zhuo Chen | T20: ESG | V20: Inactive | W20: 0 | Y20: #N/A | Z20: #N/A | AB20: Mandarin | AC20: #N/A
A21: CE01 | B21: Enterprise Echannel CCC | C21: No Assigned L6 | E21: Server | F21: Y | G21: #N/A | H21: APJ | I21: China | J21: 0.629 | M21: 12/7 | O21: =A21&"_"&B21 -> CE01_Enterprise Echannel CCC | P21: Zhuo Chen | R21: 14 | T21: ESG | V21: Inactive | W21: 0 | Y21: #N/A | Z21: #N/A | AB21: Mandarin | AC21: #N/A
A22: CG Comp | C22: No Assigned L6 | F22: Y | G22: #N/A | O22: =A22&"_"&B22 -> CG Comp_ | P22: #N/A | T22: ESG | V22: Inactive | W22: 0 | Y22: #N/A | Z22: #N/A | AB22: #N/A | AC22: #N/A
A23: CT16 | B23: CTE KOR | C23: No Assigned L6 | D23: CTE | E23: CTE | F23: Y | G23: #N/A | H23: Global | I23: Global | J23: 0.633 | M23: 12/7 | N23: CTE | O23: =A23&"_"&B23 -> CT16_CTE KOR | P23: Zhuo Chen | R23: 14 | T23: ESG | V23: Inactive | W23: 0 | Y23: #N/A | Z23: #N/A | AB23: Korean | AC23: #N/A
A24: CT36 | B24: Networking SPSPE | C24: No Assigned L6 | F24: Y | G24: #N/A | O24: =A24&"_"&B24 -> CT36_Networking SPSPE | P24: Zhuo Chen | T24: ESG | V24: Inactive | W24: 0 | Y24: #N/A | Z24: #N/A | AB24: English | AC24: #N/A
A25: DE12 | B25: GER Solutions (HAL) | C25: No Assigned L6 | D25: Server | E25: Server | F25: Y | G25: #N/A | H25: EMEA | I25: Germany | J25: 0.617 | M25: 12/7 | O25: =A25&"_"&B25 -> DE12_GER Solutions (HAL) | P25: Zhuo Chen | R25: 14 | T25: ESG | V25: Inactive | W25: 0 | Y25: #N/A | Z25: #N/A | AB25: German | AC25: #N/A
A26: FD01 | B26: Federal Support NA | C26: No Assigned L6 | E26: Enterprise | F26: Y | G26: #N/A | H26: NAMER | I26: United States | J26: 0.648 | M26: 12/7 | O26: =A26&"_"&B26 -> FD01_Federal Support NA | P26: Zhuo Chen | R26: 14 | T26: ESG | V26: Inactive | W26: 0 | Y26: #N/A | Z26: #N/A | AB26: English | AC26: #N/A
A27: FED4 | B27: Federal Server US | C27: No Assigned L6 | D27: Server | E27: Server | F27: Y | G27: #N/A | H27: NAMER | I27: United States | J27: 0.648 | M27: 12/5 | N27: L1 | O27: =A27&"_"&B27 -> FED4_Federal Server US | P27: Prachi Gupta - Dellteam | R27: 8 | T27: ESG | V27: Inactive | W27: 0 | Y27: #N/A | Z27: #N/A | AB27: English | AC27: #N/A
A28: FED6 | B28: US Federal Support Storage | C28: No Assigned L6 | D28: Storage | E28: Storage | F28: Y | G28: #N/A | H28: NAMER | I28: United States | J28: 0.648 | M28: 12/5 | O28: =A28&"_"&B28 -> FED6_US Federal Support Storage | P28: Zhuo Chen | R28: 8 | T28: ESG | V28: Inactive | W28: 0 | Y28: #N/A | Z28: #N/A | AB28: English | AC28: #N/A
A29: FR08 | B29: FRA Solutions (MTP) | C29: No Assigned L6 | D29: Server | E29: Server | F29: Y | G29: #N/A | H29: EMEA | I29: France | J29: 0.617 | M29: 12/7 | O29: =A29&"_"&B29 -> FR08_FRA Solutions (MTP) | P29: Zhuo Chen | R29: 14 | T29: ESG | V29: Inactive | W29: 0 | Y29: #N/A | Z29: #N/A | AB29: French | AC29: #N/A
A30: FR12 | B30: FRA ProSupp Server Alternate | C30: No Assigned L6 | D30: Server | E30: Server | F30: Y | G30: #N/A | H30: EMEA | I30: SER | J30: 0.617 | M30: 10/5 | N30: L1 | O30: =A30&"_"&B30 -> FR12_FRA ProSupp Server Alternate | P30: Vikesh Gupta - Dellteam | R30: 7 | T30: ESG | V30: Inactive | W30: 0 | Y30: #N/A | Z30: #N/A | AB30: French | AC30: #N/A
A31: FR13 | B31: ProSupp EQL (MTP) | C31: No Assigned L6 | D31: Storage | E31: Storage | F31: Y | G31: #N/A | H31: EMEA | I31: #N/A | J31: 0.617 | M31: 10/5 | O31: =A31&"_"&B31 -> FR13_ProSupp EQL (MTP) | P31: Zhuo Chen | R31: 7 | T31: ESG | V31: Inactive | W31: 0 | Y31: #N/A | Z31: #N/A | AB31: Multiple Languages | AC31: #N/A
A32: FR23 | B32: FRA ProSupp Storage (MTP) | C32: No Assigned L6 | D32: Storage | E32: Storage | F32: Y | G32: #N/A | H32: EMEA | I32: France | J32: 0.617 | M32: 12/7 | O32: =A32&"_"&B32 -> FR23_FRA ProSupp Storage (MTP) | P32: Zhuo Chen | R32: 14 | T32: ESG | V32: Inactive | W32: 0 | Y32: #N/A | Z32: #N/A | AB32: French | AC32: #N/A
A33: GB08 | B33: UKISA Basic Enterprise (BGL) | C33: No Assigned L6 | D33: Server | E33: Server | F33: Y | G33: #N/A | H33: EMEA | I33: United Kingdom | J33: 0.617 | M33: 14/5 | O33: =A33&"_"&B33 -> GB08_UKISA Basic Enterprise (BGL) | P33: Zhuo Chen | R33: 10 | T33: ESG | V33: Inactive | W33: 0 | Y33: #N/A | Z33: #N/A | AB33: English | AC33: #N/A
A34: GB09 | B34: ProSupp Storage Co Pilot (CWD) | C34: No Assigned L6 | D34: Storage | E34: Storage | F34: Y | G34: #N/A | H34: EMEA | I34: United Kingdom | J34: 0.617 | M34: 12/7 | O34: =A34&"_"&B34 -> GB09_ProSupp Storage Co Pilot (CWD) | P34: Zhuo Chen | R34: 14 | T34: ESG | V34: Inactive | W34: 0 | Y34: #N/A | Z34: #N/A | AB34: Multiple Languages | AC34: #N/A
A35: GB10 | B35: ProSupp EQL (CWD) | C35: No Assigned L6 | D35: Storage | E35: Storage | F35: Y | G35: #N/A | H35: EMEA | I35: #N/A | J35: 0.617 | M35: 10/5 | O35: =A35&"_"&B35 -> GB10_ProSupp EQL (CWD) | P35: Zhuo Chen | R35: 7 | T35: ESG | V35: Inactive | W35: 0 | Y35: #N/A | Z35: #N/A | AB35: Multiple Languages | AC35: #N/A
A36: GB14 | B36: ENG Solutions (CWD) | C36: No Assigned L6 | D36: Server | E36: Server | F36: Y | G36: #N/A | H36: EMEA | I36: United Kingdom | J36: 0.617 | M36: 12/7 | O36: =A36&"_"&B36 -> GB14_ENG Solutions (CWD) | P36: Zhuo Chen | R36: 14 | T36: ESG | V36: Inactive | W36: 0 | Y36: #N/A | Z36: #N/A | AB36: English | AC36: #N/A
A37: GB29 | B37: EMEA ProSupport Powerstore | C37: No Assigned L6 | D37: Storage | E37: Storage | F37: Y | G37: #N/A | H37: EMEA | I37: SER | J37: 0.617 | M37: 11/5 | N37: L1 | O37: =A37&"_"&B37 -> GB29_EMEA ProSupport Powerstore | P37: Vikesh Gupta - Dellteam | R37: 8 | T37: ESG | V37: Inactive | W37: 0 | Y37: #N/A | Z37: #N/A | AB37: Multiple Languages | AC37: #N/A
A38: GG01 | B38: GER ProSupp Storage Co Pilot | C38: No Assigned L6 | D38: Storage | E38: Storage | F38: Y | G38: #N/A | H38: EMEA | I38: Germany | J38: 0.617 | M38: 12/7 | O38: =A38&"_"&B38 -> GG01_GER ProSupp Storage Co Pilot | P38: Zhuo Chen | R38: 14 | T38: ESG | V38: Inactive | W38: 0 | Y38: #N/A | Z38: #N/A | AB38: German | AC38: #N/A
A39: HE17 | B39: HES Global Operations | C39: Yap, Diane | D39: Social | E39: High End Storage | F39: N | G39: #N/A | H39: Global | I39: Global | J39: 0.633 | M39: 12/7 | O39: =A39&"_"&B39 -> HE17_HES Global Operations | P39: Zhuo Chen | R39: 14 | T39: ESG | V39: Inactive | W39: 0.66666667 | Y39: #N/A | Z39: #N/A | AB39: English | AC39: #N/A
A40: HWPA | B40: Honeywell Panama | C40: No Assigned L6 | F40: Y | G40: #N/A | O40: =A40&"_"&B40 -> HWPA_Honeywell Panama | P40: Zhuo Chen | T40: ESG | V40: Inactive | W40: 0 | Y40: #N/A | Z40: #N/A | AB40: English/Spanish | AC40: #N/A
A41: IN15 | B41: Server Core IND | C41: No Assigned L6 | D41: Server | E41: Server | F41: Y | G41: #N/A | H41: India | I41: India | J41: 0.629 | M41: 12/7 | O41: =A41&"_"&B41 -> IN15_Server Core IND | P41: Taini Liang - Dellteam | R41: 14 | T41: ESG | V41: Inactive | W41: 0 | Y41: #N/A | Z41: #N/A | AB41: English | AC41: #N/A
A42: IU56 | B42: APJ GNCS Hyperconverged Wipro | C42: No Assigned L6 | F42: Y | G42: #N/A | O42: =A42&"_"&B42 -> IU56_APJ GNCS Hyperconverged Wipro | P42: Zhuo Chen | T42: ESG | V42: Inactive | W42: 0 | Y42: #N/A | Z42: #N/A | AB42: Multiple Languages | AC42: #N/A
A43: IV01 | B43: IND VX Rail Storage | C43: No Assigned L6 | E43: Storage | F43: Y | G43: #N/A | H43: India | I43: #N/A | J43: 0.629 | M43: #N/A | O43: =A43&"_"&B43 -> IV01_IND VX Rail Storage | P43: Geeta G-DellTeam | T43: ESG | V43: Inactive | W43: 0 | Y43: #N/A | Z43: #N/A | AB43: English | AC43: #N/A
A44: JP11 | B44: Enterprise Core/ProSupport MIY | C44: No Assigned L6 | E44: Server | F44: Y | G44: #N/A | H44: APJ | I44: Japan | J44: 0.629 | M44: 12/7 | O44: =A44&"_"&B44 -> JP11_Enterprise Core/ProSupport MIY | P44: Zhuo Chen | R44: 14 | T44: ESG | V44: Inactive | W44: 0 | Y44: #N/A | Z44: #N/A | AB44: Japanese | AC44: #N/A
A45: JP13 | B45: Japan Storage ProSupport KAW | C45: No Assigned L6 | E45: Server | F45: Y | G45: #N/A | H45: APJ | I45: Japan | J45: 0.629 | M45: 12/7 | O45: =A45&"_"&B45 -> JP13_Japan Storage ProSupport KAW | P45: Zhuo Chen | R45: 14 | T45: ESG | V45: Inactive | W45: 0 | Y45: #N/A | Z45: #N/A | AB45: Japanese | AC45: #N/A
A46: JP19 | B46: Japan Enterprise SW-NWK | C46: No Assigned L6 | E46: Networking | F46: Y | G46: #N/A | H46: APJ | I46: Japan | J46: 0.629 | M46: 12/7 | O46: =A46&"_"&B46 -> JP19_Japan Enterprise SW-NWK | P46: Zhuo Chen | R46: 14 | T46: ESG | V46: Inactive | W46: 0 | Y46: #N/A | Z46: #N/A | AB46: Japanese | AC46: #N/A
A47: JP22 | B47: Enterprise Echannel Core/Pro MIY | C47: No Assigned L6 | E47: Server | F47: Y | G47: #N/A | H47: APJ | I47: Japan | J47: 0.629 | M47: 12/7 | O47: =A47&"_"&B47 -> JP22_Enterprise Echannel Core/Pro MIY | P47: Zhuo Chen | R47: 14 | T47: ESG | V47: Inactive | W47: 0 | Y47: #N/A | Z47: #N/A | AB47: Japanese | AC47: #N/A
A48: JP27 | B48: Enterprise Alt-channel JPN | C48: No Assigned L6 | F48: Y | G48: #N/A | O48: =A48&"_"&B48 -> JP27_Enterprise Alt-channel JPN | P48: Zhuo Chen | T48: ESG | V48: Inactive | W48: 0 | Y48: #N/A | Z48: #N/A | AB48: Japanese | AC48: #N/A
A49: KR06 | B49: Enterprise ProSupport KOR | C49: No Assigned L6 | E49: Server | F49: Y | G49: #N/A | H49: APJ | I49: Korea | J49: 0.629 | M49: 12/7 | O49: =A49&"_"&B49 -> KR06_Enterprise ProSupport KOR | P49: Zhuo Chen | R49: 14 | T49: ESG | V49: Inactive | W49: 0 | Y49: #N/A | Z49: #N/A | AB49: Korean | AC49: #N/A
A50: LFT1 | B50: SSO Quality Lets Fix It | C50: Tomczyk, Patrick | E50: Enterprise | F50: Y | G50: #N/A | H50: Global | I50: Global | J50: 0.633 | M50: 12/7 | O50: =A50&"_"&B50 -> LFT1_SSO Quality Lets Fix It | P50: Zhuo Chen | R50: 14 | T50: ESG | V50: Inactive | W50: 1 | Y50: #N/A | Z50: #N/A | AB50: English | AC50: #N/A
A51: MY13 | B51: Enterprise ProSupport ANZ/SA | C51: No Assigned L6 | F51: Y | G51: #N/A | O51: =A51&"_"&B51 -> MY13_Enterprise ProSupport ANZ/SA | P51: Zhuo Chen | T51: ESG | V51: Inactive | W51: 0 | Y51: #N/A | Z51: #N/A | AB51: English | AC51: #N/A
A52: NE04 | B52: Enterprise Triage Queue US | C52: No Assigned L6 | D52: Server | E52: Server | F52: Y | G52: #N/A | H52: NAMER | I52: United States | J52: 0.648 | M52: 12/5 | N52: L1 | O52: =A52&"_"&B52 -> NE04_Enterprise Triage Queue US | P52: Prachi Gupta - Dellteam | R52: 8 | T52: ESG | V52: Inactive | W52: 0 | Y52: #N/A | Z52: #N/A | AB52: English | AC52: #N/A
A53: NE08 | B53: NA Server Basic Chat (BNG) | C53: No Assigned L6 | D53: Server | E53: Server | F53: Y | G53: #N/A | H53: NAMER | I53: United States | J53: 0.648 | M53: 12/5 | O53: =A53&"_"&B53 -> NE08_NA Server Basic Chat (BNG) | P53: Zhuo Chen | R53: 8 | T53: ESG | V53: Inactive | W53: 0 | Y53: #N/A | Z53: #N/A | AB53: English | AC53: #N/A
A54: NE09 | B54: NA Server Basic (BNG) | C54: Patino, Paola | D54: Server | E54: Server | F54: Y | G54: #N/A | H54: NAMER | I54: United States | J54: 0.648 | K54: 0.020441446 | M54: 12/5 | O54: =A54&"_"&B54 -> NE09_NA Server Basic (BNG) | P54: Zhuo Chen | R54: 8 | T54: ESG | V54: Inactive | W54: 1 | Y54: #N/A | Z54: #N/A | AB54: English | AC54: #N/A
A55: NF03 | B55: APJ NR-FLS | C55: No Assigned L6 | E55: Enterprise | F55: N | G55: #N/A | H55: Global | I55: Global | J55: 0.633 | M55: 12/7 | O55: =A55&"_"&B55 -> NF03_APJ NR-FLS | P55: Zhuo Chen | R55: 14 | T55: ESG | V55: Inactive | W55: 0 | Y55: #N/A | Z55: #N/A | AB55: Multiple Languages | AC55: #N/A
A56: PS10 | B56: Powerstore US | C56: No Assigned L6 | D56: Storage | E56: Storage | F56: Y | G56: Front Line | H56: NAMER | I56: United States | J56: 0.648 | M56: 12/5 | N56: L1 | O56: =A56&"_"&B56 -> PS10_Powerstore US | P56: Prachi Gupta - Dellteam | R56: 8 | T56: ESG | V56: Inactive | W56: 0 | Y56: #N/A | Z56: #N/A | AB56: English | AC56: #N/A
A57: RL02 | B57: CPS Chat ROLA | C57: No Assigned L6 | F57: Y | G57: #N/A | O57: =A57&"_"&B57 -> RL02_CPS Chat ROLA | P57: Mukesh Kumar-Dellteam | T57: ESG | V57: Inactive | W57: 0 | Y57: #N/A | Z57: #N/A | AB57: English/Spanish | AC57: #N/A
A58: RL09 | B58: Server ProSupport ROLA | C58: No Assigned L6 | E58: Server | F58: Y | G58: Front Line | H58: LATAM | I58: ROLA | J58: 0.626 | O58: =A58&"_"&B58 -> RL09_Server ProSupport ROLA | P58: Zhuo Chen | T58: ESG | V58: Inactive | W58: 0 | Y58: #N/A | Z58: #N/A | AB58: English/Spanish | AC58: #N/A
A59: RL11 | B59: Proactive Systems Maintenance ROLA | C59: No Assigned L6 | F59: Y | G59: #N/A | O59: =A59&"_"&B59 -> RL11_Proactive Systems Maintenance ROLA | P59: Zhuo Chen | T59: ESG | V59: Inactive | W59: 0 | Y59: #N/A | Z59: #N/A | AB59: English/Spanish | AC59: #N/A
A60: RL18 | B60: MMCLA LC Server Voice (PAN) | C60: No Assigned L6 | D60: Server | E60: Server | F60: Y | G60: Front Line | H60: LATAM | I60: ROLA | J60: 0.626 | M60: 15/6 | N60: L1 | O60: =A60&"_"&B60 -> RL18_MMCLA LC Server Voice (PAN) | P60: Prachi Gupta - Dellteam | R60: 12 | T60: ESG | V60: Inactive | W60: 0 | Y60: #N/A | Z60: #N/A | AB60: English/Spanish | AC60: #N/A
A61: RL19 | B61: MMCLA HC Server Voice (PAN) | C61: No Assigned L6 | D61: Server | E61: Server | F61: Y | G61: Front Line | H61: LATAM | I61: ROLA | J61: 0.626 | M61: 15/6 | N61: L1 | O61: =A61&"_"&B61 -> RL19_MMCLA HC Server Voice (PAN) | P61: Prachi Gupta - Dellteam | R61: 12 | T61: ESG | V61: Inactive | W61: 0 | Y61: #N/A | Z61: #N/A | AB61: English/Spanish | AC61: #N/A
A62: RR02 | B62: ROLA Senior and Master Engineer | C62: No Assigned L6 | E62: Enterprise | F62: Y | G62: Backline | H62: LATAM | I62: ROLA | J62: 0.626 | O62: =A62&"_"&B62 -> RR02_ROLA Senior and Master Engineer | P62: Zhuo Chen | T62: ESG | V62: Inactive | W62: 0 | Y62: #N/A | Z62: #N/A | AB62: English/Spanish | AC62: #N/A
A63: RR03 | B63: Support Ops ROLA | C63: Christmas, James | D63: All | E63: All | F63: N | G63: #N/A | H63: LATAM | I63: Brazil | J63: 0.571 | M63: 12/7 | O63: =A63&"_"&B63 -> RR03_Support Ops ROLA | P63: Zhuo Chen | R63: 14 | T63: ESG | V63: Inactive | W63: 4 | Y63: #N/A | Z63: #N/A | AB63: English/Spanish | AC63: #N/A
A64: SE02 | B64: Enterprise SA Email | C64: No Assigned L6 | E64: Server | F64: Y | G64: #N/A | H64: APJ | I64: Malaysia | J64: 0.629 | O64: =A64&"_"&B64 -> SE02_Enterprise SA Email | P64: Zhuo Chen | T64: ESG | V64: Inactive | W64: 0 | Y64: #N/A | Z64: #N/A | AB64: English | AC64: #N/A
A65: SW02 | B65: SWE Client ProSupp (TUR) | C65: Christmas, James | F65: Y | G65: Front Line | O65: =A65&"_"&B65 -> SW02_SWE Client ProSupp (TUR) | P65: Michael Yumnam - Dellteam | T65: ESG | V65: Inactive | W65: 0 | Y65: #N/A | Z65: #N/A | AB65: Swedish | AC65: #N/A
A66: BT05 | B66: EMEA Server Upsell English | C66: D'Arcy, Mark | D66: Server | E66: Server | F66: Y | G66: Front Line | H66: Global | J66: 0.633 | K66: 0.01867017 | N66: L1 | O66: =A66&"_"&B66 -> BT05_EMEA Server Upsell English | P66: Prachi Gupta - Dellteam | Q66: Bethany Rana | R66: 24 | T66: ESG | U66: 13 | V66: Inactive | W66: 0 | X66: =VLOOKUP(A66,'CQNs Merged_Split'!B:E,4,0) -> Global Compute English | Y66: 07:00-18:00 (GMT+0) | Z66: Mon-Fri | AA66: =IFERROR("Queue Got Merged in "&VLOOKUP(A66,'CQNs Merged_Split'!$B$7:$D$103,3,FALSE),"") -> Queue Got Merged in GC21 | AB66: English | AC66: #N/A
A67: CTE2 | B67: NA CTE Server | C67: D'Arcy, Mark | D67: CTE | E67: CTE | F67: Y | G67: Backline | H67: NAMER | I67: United States | J67: 0.648 | M67: 12/5 | N67: CTE | O67: =A67&"_"&B67 -> CTE2_NA CTE Server | P67: Prachi Gupta - Dellteam | Q67: Bethany Rana | R67: 8 | T67: ESG | V67: Inactive | W67: 0 | Y67: Sat-Sun: 07:00-19:00 CST & Mon-Fri: 07:00-20:00 CST | Z67: Sat- Fri | AB67: English | AC67: #N/A
A68: DE07 | B68: GER ProSupp Server Email (HAL) | C68: D'Arcy, Mark | D68: Server | E68: Server | F68: Y | G68: Front Line | H68: EMEA | I68: CER | J68: 0.617 | K68: 0.017361111 | M68: 10/5 | N68: L1 | O68: =A68&"_"&B68 -> DE07_GER ProSupp Server Email (HAL) | P68: Komal Chhabra - Dell Team | Q68: Bethany Rana | R68: 7 | T68: ESG | V68: Inactive | W68: 0 | Y68: 08:00-18:00 (GMT+1) | Z68: Mon-Fri | AB68: German | AC68: #N/A
A69: DE08 | B69: GER Modular (HAL) | C69: D'Arcy, Mark | D69: Server | E69: Server | F69: Y | G69: Front Line | H69: EMEA | I69: CER | J69: 0.617 | K69: 0.024305556 | M69: 10/5 | N69: L1 | O69: =A69&"_"&B69 -> DE08_GER Modular (HAL) | P69: Komal Chhabra - Dell Team | Q69: Bethany Rana | R69: 7 | T69: ESG | V69: Inactive | W69: 0 | Y69: 08:00-18:00 (GMT+1) | Z69: Mon-Fri | AB69: German | AC69: #N/A
A70: DE13 | B70: GER Enterprise (HAL) | C70: D'Arcy, Mark | D70: Server | E70: Server | F70: Y | G70: Front Line | H70: EMEA | I70: CER | J70: 0.617 | K70: 0.01119403 | M70: 10/5 | N70: L1 | O70: =A70&"_"&B70 -> DE13_GER Enterprise (HAL) | P70: Komal Chhabra - Dell Team | Q70: Bethany Rana | R70: 7 | T70: ESG | V70: Inactive | W70: 0 | Y70: 08:00-18:00 (GMT+1) | Z70: Mon-Fri | AB70: German | AC70: #N/A
A71: EC30 | B71: EC Basic Enterprise (CAS) | C71: D'Arcy, Mark | D71: Server | E71: Server | F71: Y | G71: Front Line | H71: EMEA | I71: SER | J71: 0.617 | K71: 0.03896738 | M71: 12/6 | N71: L1 | O71: =A71&"_"&B71 -> EC30_EC Basic Enterprise (CAS) | P71: Komal Chhabra - Dell Team | Q71: Bethany Rana | R71: 10 | T71: ESG | V71: Inactive | W71: 0 | Y71: 06:00-17:00 (GMT+1) | Z71: Sun-Fri | AB71: Arabic | AC71: #N/A
A72: EC32 | B72: EC ProSupp Server Arabic (CAS) | C72: D'Arcy, Mark | D72: Server | E72: Server | F72: Y | G72: Front Line | H72: EMEA | I72: SER | J72: 0.617 | K72: 0.03896738 | M72: 12/6 | N72: L1 | O72: =A72&"_"&B72 -> EC32_EC ProSupp Server Arabic (CAS) | P72: Vikesh Gupta - Dellteam | Q72: Bethany Rana | R72: 10 | T72: ESG | V72: Inactive | W72: 0 | Y72: Sun-Thu: 06:00-16:30, Fri: 08:00-16:30 (GMT+1) | Z72: Sun-Fri | AB72: Arabic | AC72: #N/A
A73: FR05 | B73: FRA Basic Enterprise (CAS) | C73: D'Arcy, Mark | D73: Server | E73: Server | F73: Y | G73: Front Line | H73: EMEA | I73: SER | J73: 0.617 | K73: 0.03896738 | M73: 9/5 | N73: L1 | O73: =A73&"_"&B73 -> FR05_FRA Basic Enterprise (CAS) | P73: Komal Chhabra - Dell Team | Q73: Bethany Rana | R73: 4 | T73: ESG | V73: Inactive | W73: 0 | Y73: 09:00-18:00 (GMT+1) | Z73: Mon-Fri | AB73: French | AC73: #N/A
A74: FR06 | B74: FRA Modular (MTP) | C74: D'Arcy, Mark | D74: Server | E74: Server | F74: Y | G74: Front Line | H74: EMEA | I74: SER | J74: 0.617 | K74: 0.023056653 | M74: 10/5 | N74: L1 | O74: =A74&"_"&B74 -> FR06_FRA Modular (MTP) | P74: Vikesh Gupta - Dellteam | Q74: Bethany Rana | R74: 7 | T74: ESG | V74: Inactive | W74: 0 | Y74: 08:00-18:00 (GMT+1) | Z74: Mon-Fri | AB74: French | AC74: #N/A
A75: GB11 | B75: ENG Modular (CWD) | C75: D'Arcy, Mark | D75: Server | E75: Server | F75: Y | G75: Front Line | H75: EMEA | I75: UKI | J75: 0.617 | K75: 0.03896738 | M75: 10/6 | N75: L1 | O75: =A75&"_"&B75 -> GB11_ENG Modular (CWD) | P75: Vikesh Gupta - Dellteam | Q75: Bethany Rana | R75: 8 | T75: ESG | U75: 13 | V75: Inactive | W75: 0 | X75: =VLOOKUP(A75,'CQNs Merged_Split'!B:E,4,0) -> Global Compute English | Y75: Mon-Thu: 07:00-18:00, Fri: 08:00-18:00, Sun: 07:00-15:00 (GMT+0) | Z75: Sun-Fri | AA75: =IFERROR("Queue Got Merged in "&VLOOKUP(A75,'CQNs Merged_Split'!$B$7:$D$103,3,FALSE),"") -> Queue Got Merged in GC21 | AB75: English | AC75: #N/A
A76: GB13 | B76: UKI Networking (CWD) | C76: D'Arcy, Mark | D76: Networking | E76: Networking | F76: Y | G76: Front Line | H76: EMEA | I76: UKI | J76: 0.617 | K76: 0.03896738 | M76: 10/5 | N76: L1 | O76: =A76&"_"&B76 -> GB13_UKI Networking (CWD) | P76: Komal Chhabra - Dell Team | Q76: Bethany Rana | R76: 7 | T76: ESG | V76: Inactive | W76: 0 | Y76: 08:00-17:30 (GMT+0) | Z76: Mon-Fri | AB76: English | AC76: #N/A
A77: GB16 | B77: ENG ProSupp Server 247 (CWD) | C77: D'Arcy, Mark | D77: Server | E77: Server | F77: Y | G77: Front Line | H77: EMEA | I77: UKI | J77: 0.617 | K77: 0.0171875 | M77: 12/5 | N77: L1 | O77: =A77&"_"&B77 -> GB16_ENG ProSupp Server 247 (CWD) | P77: Vikesh Gupta - Dellteam | Q77: Bethany Rana | R77: 8 | T77: ESG | U77: 13 | V77: Inactive | W77: 0 | X77: =VLOOKUP(A77,'CQNs Merged_Split'!B:E,4,0) -> Global Compute English | Y77: 24*7 | Z77: Sat- Fri | AA77: =IFERROR("Queue Got Merged in "&VLOOKUP(A77,'CQNs Merged_Split'!$B$7:$D$103,3,FALSE),"") -> Queue Got Merged in GC21 | AB77: English | AC77: #N/A
A78: IT04 | B78: ITA Basic Enterprise (CAS) | C78: D'Arcy, Mark | D78: Server | E78: Server | F78: Y | G78: Front Line | H78: EMEA | I78: SER | J78: 0.617 | K78: 0.03896738 | M78: 9/5 | N78: L1 | O78: =A78&"_"&B78 -> IT04_ITA Basic Enterprise (CAS) | P78: Komal Chhabra - Dell Team | Q78: Bethany Rana | R78: 4 | T78: ESG | V78: Inactive | W78: 0 | Y78: 09:00-18:00 (GMT+1) | Z78: Mon-Fri | AB78: Italian | AC78: #N/A
A79: IT08 | B79: ITA ProSupp Server (MTP) | C79: D'Arcy, Mark | D79: Server | E79: Server | F79: Y | G79: Front Line | H79: EMEA | I79: SER | J79: 0.617 | K79: 0.03896738 | M79: 9/5 | N79: L1 | O79: =A79&"_"&B79 -> IT08_ITA ProSupp Server (MTP) | P79: Komal Chhabra - Dell Team | Q79: Bethany Rana | R79: 4 | T79: ESG | V79: Inactive | W79: 0 | Y79: 09:00-18:00 (GMT+1) | Z79: Mon-Fri | AB79: Italian | AC79: #N/A
A80: LOS0 | B80: EMEA Solutions MS (ENG) | C80: D'Arcy, Mark | D80: Solutions | E80: All | F80: Y | G80: Front Line | H80: EMEA | I80: UKI | J80: 0.617 | K80: 0.03896738 | M80: 10/5 | N80: L1 | O80: =A80&"_"&B80 -> LOS0_EMEA Solutions MS (ENG) | P80: Komal Chhabra - Dell Team | Q80: Bethany Rana | R80: 7 | T80: ESG | U80: 13 | V80: Inactive | W80: 0 | X80: =VLOOKUP(A80,'CQNs Merged_Split'!B:E,4,0) -> EMEA Solutions MS FL | Y80: 08:00-18:00 (GMT+1) | Z80: Mon-Fri | AA80: =IFERROR("Queue Got Merged in "&VLOOKUP(A80,'CQNs Merged_Split'!$B$7:$D$103,3,FALSE),"") -> Queue Got Merged in GS04 | AB80: Multiple Languages | AC80: #N/A
A81: LOS1 | B81: EMEA Solutions HCI (ENG) | C81: D'Arcy, Mark | D81: Solutions | E81: All | F81: Y | G81: Front Line | H81: EMEA | I81: UKI | J81: 0.617 | K81: 0.03896738 | M81: 10/5 | N81: L1 | O81: =A81&"_"&B81 -> LOS1_EMEA Solutions HCI (ENG) | P81: Komal Chhabra - Dell Team | Q81: Bethany Rana | R81: 7 | T81: ESG | U81: 13 | V81: Inactive | W81: 0 | X81: =VLOOKUP(A81,'CQNs Merged_Split'!B:E,4,0) -> EMEA Solutions HCI FL | Y81: 08:00-18:00 (GMT+1) | Z81: Mon-Fri | AA81: =IFERROR("Queue Got Merged in "&VLOOKUP(A81,'CQNs Merged_Split'!$B$7:$D$103,3,FALSE),"") -> Queue Got Merged in GS03 | AB81: Multiple Languages | AC81: #N/A
A82: LOS2 | B82: EMEA Solutions MS (FRA) | C82: D'Arcy, Mark | D82: Solutions | E82: All | F82: Y | G82: Front Line | H82: EMEA | I82: SER | J82: 0.617 | K82: 0.03896738 | M82: 10/5 | N82: L1 | O82: =A82&"_"&B82 -> LOS2_EMEA Solutions MS (FRA) | P82: Komal Chhabra - Dell Team | Q82: Bethany Rana | R82: 7 | T82: ESG | U82: 13 | V82: Inactive | W82: 0 | X82: =VLOOKUP(A82,'CQNs Merged_Split'!B:E,4,0) -> EMEA Solutions MS FL | Y82: 07:00-17:00 (GMT+0) | Z82: Mon-Fri | AA82: =IFERROR("Queue Got Merged in "&VLOOKUP(A82,'CQNs Merged_Split'!$B$7:$D$103,3,FALSE),"") -> Queue Got Merged in GS04 | AB82: Multiple Languages | AC82: #N/A
A83: LOS3 | B83: EMEA Solutions HCI (FRA) | C83: D'Arcy, Mark | D83: Solutions | E83: All | F83: Y | G83: Front Line | H83: EMEA | I83: SER | J83: 0.617 | K83: 0.03896738 | M83: 10/5 | N83: L1 | O83: =A83&"_"&B83 -> LOS3_EMEA Solutions HCI (FRA) | P83: Komal Chhabra - Dell Team | Q83: Bethany Rana | R83: 7 | T83: ESG | U83: 13 | V83: Inactive | W83: 0 | X83: =VLOOKUP(A83,'CQNs Merged_Split'!B:E,4,0) -> EMEA Solutions HCI FL | Y83: 07:00-17:00 (GMT+0) | Z83: Mon-Fri | AA83: =IFERROR("Queue Got Merged in "&VLOOKUP(A83,'CQNs Merged_Split'!$B$7:$D$103,3,FALSE),"") -> Queue Got Merged in GS03 | AB83: Multiple Languages | AC83: #N/A
A84: LOS4 | B84: EMEA Solutions MS (GER) | C84: D'Arcy, Mark | D84: Solutions | E84: All | F84: Y | G84: Front Line | H84: EMEA | I84: CER | J84: 0.617 | K84: 0.03896738 | M84: 10/5 | N84: L1 | O84: =A84&"_"&B84 -> LOS4_EMEA Solutions MS (GER) | P84: Komal Chhabra - Dell Team | Q84: Bethany Rana | R84: 7 | T84: ESG | U84: 13 | V84: Inactive | W84: 0 | X84: =VLOOKUP(A84,'CQNs Merged_Split'!B:E,4,0) -> EMEA Solutions MS FL | Y84: 07:00-17:00 (GMT+0) | Z84: Mon-Fri | AA84: =IFERROR("Queue Got Merged in "&VLOOKUP(A84,'CQNs Merged_Split'!$B$7:$D$103,3,FALSE),"") -> Queue Got Merged in GS04 | AB84: Multiple Languages | AC84: #N/A
A85: LOS5 | B85: EMEA Solutions HCI (GER) | C85: D'Arcy, Mark | D85: Solutions | E85: All | F85: Y | G85: Front Line | H85: EMEA | I85: CER | J85: 0.617 | K85: 0.03896738 | M85: 10/5 | N85: L1 | O85: =A85&"_"&B85 -> LOS5_EMEA Solutions HCI (GER) | P85: Komal Chhabra - Dell Team | Q85: Bethany Rana | R85: 7 | T85: ESG | U85: 13 | V85: Inactive | W85: 0 | X85: =VLOOKUP(A85,'CQNs Merged_Split'!B:E,4,0) -> EMEA Solutions HCI FL | Y85: 07:00-17:00 (GMT+0) | Z85: Mon-Fri | AA85: =IFERROR("Queue Got Merged in "&VLOOKUP(A85,'CQNs Merged_Split'!$B$7:$D$103,3,FALSE),"") -> Queue Got Merged in GS03 | AB85: Multiple Languages | AC85: #N/A
A86: NA01 | B86: NA Compute Pro Support | C86: D'Arcy, Mark | D86: Server | E86: Server | F86: Y | G86: Front Line | H86: NAMER | I86: United States | J86: 0.648 | K86: 0.020441446 | N86: L1 | O86: =A86&"_"&B86 -> NA01_NA Compute Pro Support | P86: Prachi Gupta - Dellteam | Q86: Bethany Rana | R86: 24 | T86: ESG | U86: 13 | V86: Inactive | W86: 0 | X86: =VLOOKUP(A86,'CQNs Merged_Split'!B:E,4,0) -> Global Compute English | AA86: =IFERROR("Queue Got Merged in "&VLOOKUP(A86,'CQNs Merged_Split'!$B$7:$D$103,3,FALSE),"") -> Queue Got Merged in GC21 | AB86: English | AC86: #N/A
A87: NE02 | B87: Backup Solution HC US | C87: D'Arcy, Mark | D87: Server | E87: Server | F87: Y | G87: Front Line | H87: NAMER | I87: United States | J87: 0.648 | K87: 0.014175258 | M87: 12/5 | N87: L1 | O87: =A87&"_"&B87 -> NE02_Backup Solution HC US | P87: Prachi Gupta - Dellteam | Q87: Bethany Rana | R87: 8 | T87: ESG | U87: 13 | V87: Inactive | W87: 0 | X87: =VLOOKUP(A87,'CQNs Merged_Split'!B:E,4,0) -> Global Compute English | Y87: 06:00-21:00 CST | Z87: Sat-Fri | AA87: =IFERROR("Queue Got Merged in "&VLOOKUP(A87,'CQNs Merged_Split'!$B$7:$D$103,3,FALSE),"") -> Queue Got Merged in GC21 | AB87: English | AC87: #N/A
A88: NE06 | B88: PowerEdge After Hours US | C88: D'Arcy, Mark | D88: Server | E88: Server | F88: Y | G88: Front Line | H88: NAMER | I88: United States | J88: 0.648 | K88: 0.020441446 | M88: 12/5 | N88: L1 | O88: =A88&"_"&B88 -> NE06_PowerEdge After Hours US | P88: Prachi Gupta - Dellteam | Q88: Bethany Rana | R88: 8 | T88: ESG | U88: 13 | V88: Inactive | W88: 0 | X88: =VLOOKUP(A88,'CQNs Merged_Split'!B:E,4,0) -> Global Compute English | Y88: 21:00-06:00 CST | Z88: Sat-Fri | AA88: =IFERROR("Queue Got Merged in "&VLOOKUP(A88,'CQNs Merged_Split'!$B$7:$D$103,3,FALSE),"") -> Queue Got Merged in GC21 | AB88: English | AC88: #N/A
A89: NE20 | B89: Networking ProSupport US | C89: D'Arcy, Mark | D89: Networking | E89: Networking | F89: Y | G89: Front Line | H89: NAMER | I89: United States | J89: 0.648 | K89: 0.020441446 | M89: 12/5 | N89: L1 | O89: =A89&"_"&B89 -> NE20_Networking ProSupport US | P89: Prachi Gupta - Dellteam | Q89: Bethany Rana | R89: 8 | T89: ESG | V89: Inactive | W89: 0 | Y89: 06:00-21:00 CST | Z89: Sat-Fri | AB89: English | AC89: #N/A
A90: NE36 | B90: RT Microsoft US | C90: D'Arcy, Mark | D90: Server | E90: Server | F90: Y | G90: Front Line | H90: NAMER | I90: United States | J90: 0.648 | K90: 0.01744186 | M90: 12/5 | N90: L1 | O90: =A90&"_"&B90 -> NE36_RT Microsoft US | P90: Prachi Gupta - Dellteam | Q90: Bethany Rana | R90: 8 | T90: ESG | V90: Inactive | W90: 0 | Y90: 06:00-21:00 CST | Z90: Sat-Fri | AB90: English | AC90: #N/A
A91: NE38 | B91: Compute High Complexity | C91: D'Arcy, Mark | D91: Server | E91: Server | F91: Y | G91: Front Line | H91: NAMER | I91: United States | J91: 0.648 | K91: 0.020441446 | N91: L1 | O91: =A91&"_"&B91 -> NE38_Compute High Complexity | P91: Prachi Gupta - Dellteam | Q91: Bethany Rana | R91: 24 | T91: ESG | U91: 13 | V91: Inactive | W91: 0 | X91: =VLOOKUP(A91,'CQNs Merged_Split'!B:E,4,0) -> Global Compute English | Y91: 06:00-21:00 CST | Z91: Sat-Fri | AA91: =IFERROR("Queue Got Merged in "&VLOOKUP(A91,'CQNs Merged_Split'!$B$7:$D$103,3,FALSE),"") -> Queue Got Merged in GC21 | AB91: English | AC91: #N/A
A92: NE39 | B92: Compute ProSupport Alt Channel | C92: D'Arcy, Mark | D92: Server | E92: Server | F92: Y | G92: Front Line | H92: Global | J92: 0.633 | K92: 0.01867017 | N92: L1 | O92: =A92&"_"&B92 -> NE39_Compute ProSupport Alt Channel | P92: Prachi Gupta - Dellteam | Q92: Bethany Rana | R92: 24 | T92: ESG | U92: 13 | V92: Inactive | W92: 0 | X92: =VLOOKUP(A92,'CQNs Merged_Split'!B:E,4,0) -> Global Compute English | Y92: 24*7 | Z92: Sat- Fri | AA92: =IFERROR("Queue Got Merged in "&VLOOKUP(A92,'CQNs Merged_Split'!$B$7:$D$103,3,FALSE),"") -> Queue Got Merged in GC21 | AB92: English | AC92: #N/A
A93: SA10 | B93: Enterprise SA | C93: D'Arcy, Mark | D93: Server | E93: Server | F93: Y | G93: Front Line | H93: APJ | I93: South Asia | J93: 0.629 | K93: 0.022785399 | M93: 12/5 | N93: L1 | O93: =A93&"_"&B93 -> SA10_Enterprise SA | P93: Taini Liang - Dellteam | Q93: Bethany Rana | R93: 8 | T93: ESG | U93: 13 | V93: Inactive | W93: 0 | X93: =VLOOKUP(A93,'CQNs Merged_Split'!B:E,4,0) -> Global Compute English | Y93: 24*7 | Z93: Sat- Fri | AA93: =IFERROR("Queue Got Merged in "&VLOOKUP(A93,'CQNs Merged_Split'!$B$7:$D$103,3,FALSE),"") -> Queue Got Merged in GC21 | AB93: English | AC93: #N/A
A94: AZ09 | B94: Networking ProSupport ANZ | C94: Yap, Diane | D94: Networking | E94: Networking | F94: Y | G94: Front Line | H94: APJ | I94: Australia | J94: 0.629 | K94: 0.022785399 | M94: 12/5 | N94: L1 | O94: =A94&"_"&B94 -> AZ09_Networking ProSupport ANZ | P94: Taini Liang - Dellteam | Q94: Chen Zhou | R94: 8 | T94: ESG | U94: 13 | V94: Inactive | W94: 0 | Y94: 07:00-19:00 (GMT+10) | Z94: Mon-Fri | AB94: English | AC94: #N/A
A95: AZ10 | B95: Server ProSupport ANZ | C95: Yap, Diane | D95: Server | E95: Server | F95: Y | G95: Front Line | H95: APJ | I95: Australia | J95: 0.629 | K95: 0.016768293 | M95: 12/5 | N95: L1 | O95: =A95&"_"&B95 -> AZ10_Server ProSupport ANZ | P95: Taini Liang - Dellteam | Q95: Chen Zhou | R95: 8 | T95: ESG | U95: 13 | V95: Inactive | W95: 0 | X95: =VLOOKUP(A95,'CQNs Merged_Split'!B:E,4,0) -> Global Compute English | Y95: 08:00-18:00 (GMT +10) | Z95: Mon-Fri | AA95: =IFERROR("Queue Got Merged in "&VLOOKUP(A95,'CQNs Merged_Split'!$B$7:$D$103,3,FALSE),"") -> Queue Got Merged in GC21 | AB95: English | AC95: #N/A
A96: AZ16 | B96: Enterprise ANZ AOH | C96: Yap, Diane | D96: Server | E96: Server | F96: Y | G96: Front Line | H96: APJ | I96: India | J96: 0.629 | K96: 0.022785399 | M96: 12/5 | N96: L1 | O96: =A96&"_"&B96 -> AZ16_Enterprise ANZ AOH | P96: Taini Liang - Dellteam | Q96: Chen Zhou | R96: 8 | T96: ESG | U96: 13 | V96: Inactive | W96: 0 | X96: =VLOOKUP(A96,'CQNs Merged_Split'!B:E,4,0) -> Global Compute English | Y96: 24*7 | Z96: Sat- Fri | AA96: =IFERROR("Queue Got Merged in "&VLOOKUP(A96,'CQNs Merged_Split'!$B$7:$D$103,3,FALSE),"") -> Queue Got Merged in GC21 | AB96: English | AC96: #N/A
A97: CC05 | B97: Networking CCC | C97: No Assigned L6 | D97: Networking | E97: Networking | F97: Y | G97: Front Line | H97: APJ | I97: China | J97: 0.629 | K97: 0.022785399 | M97: 12/5 | N97: L1 | O97: =A97&"_"&B97 -> CC05_Networking CCC | P97: Taini Liang - Dellteam | Q97: Chen Zhou | R97: 8 | T97: ESG | V97: Inactive | W97: 0 | Y97: 24*7 | Z97: Sat- Fri | AB97: Mandarin | AC97: #N/A
A98: CC10 | B98: Storage ProSupport CCC | C98: No Assigned L6 | D98: Storage | E98: Storage | F98: Y | G98: Front Line | H98: APJ | I98: China | J98: 0.629 | K98: 0.022785399 | M98: 12/5 | N98: L1 | O98: =A98&"_"&B98 -> CC10_Storage ProSupport CCC | P98: Taini Liang - Dellteam | Q98: Chen Zhou | R98: 8 | T98: ESG | V98: Inactive | W98: 0 | Y98: 24*7 | Z98: Sat- Fri | AB98: Mandarin | AC98: #N/A
A99: CC27 | B99: Server Combined CCC | C99: No Assigned L6 | D99: Server | E99: Server | F99: Y | G99: Front Line | H99: APJ | I99: China | J99: 0.629 | K99: 0.022785399 | M99: 12/5 | N99: L1 | O99: =A99&"_"&B99 -> CC27_Server Combined CCC | P99: Taini Liang - Dellteam | Q99: Chen Zhou | R99: 8 | T99: ESG | V99: Inactive | W99: 0 | Y99: 24*7 | Z99: Sat- Fri | AB99: Mandarin | AC99: #N/A
A100: CE02 | B100: Storage Echannel CCC | C100: No Assigned L6 | D100: Storage | E100: Storage | F100: Y | G100: Front Line | H100: APJ | I100: China | J100: 0.629 | K100: 0.022785399 | M100: 12/5 | N100: L1 | O100: =A100&"_"&B100 -> CE02_Storage Echannel CCC | P100: Taini Liang - Dellteam | Q100: Chen Zhou | R100: 8 | T100: ESG | V100: Inactive | W100: 0 | Y100: Email: 24*7, Chat: Mon-Fri 8:30-17:30 (GMT+8) | Z100: Sat- Fri | AB100: Mandarin | AC100: #N/A
...

Sheet Sheet7
A1: CCOQueueAbbr | B1: CCOQueueCode | C1: 202641 | D1: 202642 | E1: 202643 | F1: 202644 | G1: 202645
A2: AP10 | B2: APJ UDS PowerScale Chinese | C2: 18 | D2: 18 | E2: 18 | F2: 18 | G2: 18 | H2: =VLOOKUP(A2,UniqueCCOQueueCodes!$A$1:$T$607,6,0) -> Y | I2: =VLOOKUP(A2,UniqueCCOQueueCodes!$A$1:$T$607,20,0) -> HES
A3: AP11 | B3: APJ UDS PowerScale Japanese | C3: 13 | D3: 13 | E3: 13 | F3: 13 | G3: 13 | H3: =VLOOKUP(A3,UniqueCCOQueueCodes!$A$1:$T$607,6,0) -> Y | I3: =VLOOKUP(A3,UniqueCCOQueueCodes!$A$1:$T$607,20,0) -> HES
A4: AP12 | B4: APJ DPD AVAMAR Chinese | C4: 10 | D4: 9 | E4: 9 | F4: 9 | G4: 9 | H4: =VLOOKUP(A4,UniqueCCOQueueCodes!$A$1:$T$607,6,0) -> Y | I4: =VLOOKUP(A4,UniqueCCOQueueCodes!$A$1:$T$607,20,0) -> HES
A5: AP13 | B5: APJ HES Connectivity Chinese | C5: 7 | D5: 7 | E5: 7 | F5: 7 | G5: 7 | H5: =VLOOKUP(A5,UniqueCCOQueueCodes!$A$1:$T$607,6,0) -> Y | I5: =VLOOKUP(A5,UniqueCCOQueueCodes!$A$1:$T$607,20,0) -> HES
A6: AP14 | B6: APJ DPD DataDomain Chinese | C6: 12 | D6: 12 | E6: 12 | F6: 12 | G6: 11 | H6: =VLOOKUP(A6,UniqueCCOQueueCodes!$A$1:$T$607,6,0) -> Y | I6: =VLOOKUP(A6,UniqueCCOQueueCodes!$A$1:$T$607,20,0) -> HES
A7: AP15 | B7: HCS APJ VxRail Chinese | C7: 25 | D7: 25 | E7: 25 | F7: 24 | G7: 23 | H7: =VLOOKUP(A7,UniqueCCOQueueCodes!$A$1:$T$607,6,0) -> Y | I7: =VLOOKUP(A7,UniqueCCOQueueCodes!$A$1:$T$607,20,0) -> HES
A8: AP16 | B8: HCS APJ VxRail Japanese | C8: 16 | D8: 16 | E8: 16 | F8: 16 | G8: 16 | H8: =VLOOKUP(A8,UniqueCCOQueueCodes!$A$1:$T$607,6,0) -> Y | I8: =VLOOKUP(A8,UniqueCCOQueueCodes!$A$1:$T$607,20,0) -> HES
A9: AP17 | B9: APJ HES Integrated_Software Chinese | C9: 6 | D9: 6 | E9: 6 | F9: 6 | G9: 6 | H9: =VLOOKUP(A9,UniqueCCOQueueCodes!$A$1:$T$607,6,0) -> Y | I9: =VLOOKUP(A9,UniqueCCOQueueCodes!$A$1:$T$607,20,0) -> HES
A10: AP18 | B10: APJ DPD Networker Chinese | C10: 16 | D10: 16 | E10: 16 | F10: 16 | G10: 15 | H10: =VLOOKUP(A10,UniqueCCOQueueCodes!$A$1:$T$607,6,0) -> Y | I10: =VLOOKUP(A10,UniqueCCOQueueCodes!$A$1:$T$607,20,0) -> HES
A11: AP19 | B11: APJ HES Symmetrix Chinese | C11: 10 | D11: 10 | E11: 10 | F11: 10 | G11: 10 | H11: =VLOOKUP(A11,UniqueCCOQueueCodes!$A$1:$T$607,6,0) -> Y | I11: =VLOOKUP(A11,UniqueCCOQueueCodes!$A$1:$T$607,20,0) -> HES
A12: AP20 | B12: APJ HES Symmetrix Japanese | C12: 10 | D12: 10 | E12: 10 | F12: 10 | G12: 10 | H12: =VLOOKUP(A12,UniqueCCOQueueCodes!$A$1:$T$607,6,0) -> Y | I12: =VLOOKUP(A12,UniqueCCOQueueCodes!$A$1:$T$607,20,0) -> HES
A13: AP21 | B13: APJ HES SymmSW Chinese | C13: 2 | D13: 2 | E13: 2 | F13: 2 | G13: 2 | H13: =VLOOKUP(A13,UniqueCCOQueueCodes!$A$1:$T$607,6,0) -> Y | I13: =VLOOKUP(A13,UniqueCCOQueueCodes!$A$1:$T$607,20,0) -> HES
... A33: BZ24 | B33: LATAM Compute Portuguese | C33: 26 | D33: 26 | E33: 26 | F33: 26 | G33: 27 | H33: =VLOOKUP(A33,UniqueCCOQueueCodes!$A$1:$T$607,6,0) -> Y | I33: =VLOOKUP(A33,UniqueCCOQueueCodes!$A$1:$T$607,20,0) -> ESG
A34: CC12 | B34: Social Media CCC | C34: 1 | D34: 1 | E34: 1 | F34: 1 | H34: =VLOOKUP(A34,UniqueCCOQueueCodes!$A$1:$T$607,6,0) -> Y | I34: =VLOOKUP(A34,UniqueCCOQueueCodes!$A$1:$T$607,20,0) -> Not Planned
A35: CC14 | B35: CCC CNS Cantonese | C35: 12 | D35: 12 | E35: 12 | F35: 12 | H35: =VLOOKUP(A35,UniqueCCOQueueCodes!$A$1:$T$607,6,0) -> Y | I35: =VLOOKUP(A35,UniqueCCOQueueCodes!$A$1:$T$607,20,0) -> ESG
A36: CE03 | B36: CCC CNS Mandarin Email | C36: 8 | D36: 8 | E36: 8 | F36: 8 | H36: =VLOOKUP(A36,UniqueCCOQueueCodes!$A$1:$T$607,6,0) -> Y | I36: =VLOOKUP(A36,UniqueCCOQueueCodes!$A$1:$T$607,20,0) -> ESG
A37: CNS Technical Lead | B37: CNS Technical Lead | C37: 9 | D37: 9 | E37: 9 | F37: 9 | G37: 9 | H37: =VLOOKUP(A37,UniqueCCOQueueCodes!$A$1:$T$607,6,0) -> #N/A | I37: =VLOOKUP(A37,UniqueCCOQueueCodes!$A$1:$T$607,20,0) -> #N/A
A38: CST5 | B38: CST VIC | C38: 0 | D38: 0 | E38: 0 | F38: 0 | G38: 0 | H38: =VLOOKUP(A38,UniqueCCOQueueCodes!$A$1:$T$607,6,0) -> N | I38: =VLOOKUP(A38,UniqueCCOQueueCodes!$A$1:$T$607,20,0) -> Not Planned
A39: CT20 | B39: GLOBAL E2E Connectivity | C39: 32 | D39: 31 | E39: 31 | F39: 31 | G39: 31 | H39: =VLOOKUP(A39,UniqueCCOQueueCodes!$A$1:$T$607,6,0) -> Y | I39: =VLOOKUP(A39,UniqueCCOQueueCodes!$A$1:$T$607,20,0) -> Custom Model
A40: CT23 | B40: GLOBAL HES BSAFE | C40: 2 | D40: 2 | E40: 2 | F40: 2 | G40: 2 | H40: =VLOOKUP(A40,UniqueCCOQueueCodes!$A$1:$T$607,6,0) -> Y | I40: =VLOOKUP(A40,UniqueCCOQueueCodes!$A$1:$T$607,20,0) -> Not Planned
A41: CT24 | B41: HCS Global DSE | C41: 134.8134 | D41: 134.8134 | E41: 134.8134 | F41: 134.8134 | G41: 134.8134 | H41: =VLOOKUP(A41,UniqueCCOQueueCodes!$A$1:$T$607,6,0) -> N | I41: =VLOOKUP(A41,UniqueCCOQueueCodes!$A$1:$T$607,20,0) -> Not Planned
A42: CT25 | B42: Global Compute Hardware | C42: 102 | D42: 101 | E42: 101 | F42: 100 | G42: 91 | H42: =VLOOKUP(A42,UniqueCCOQueueCodes!$A$1:$T$607,6,0) -> Y | I42: =VLOOKUP(A42,UniqueCCOQueueCodes!$A$1:$T$607,20,0) -> HES
A43: CT26 | B43: Global ESG Midrange Backline | C43: 108.8 | D43: 108.8 | E43: 108.8 | F43: 108.8 | G43: 107.8 | H43: =VLOOKUP(A43,UniqueCCOQueueCodes!$A$1:$T$607,6,0) -> Y | I43: =VLOOKUP(A43,UniqueCCOQueueCodes!$A$1:$T$607,20,0) -> HES
A44: CT30 | B44: Global Networking | C44: 68 | D44: 68 | E44: 68 | F44: 68 | G44: 65 | H44: =VLOOKUP(A44,UniqueCCOQueueCodes!$A$1:$T$607,6,0) -> Y | I44: =VLOOKUP(A44,UniqueCCOQueueCodes!$A$1:$T$607,20,0) -> HES
A45: CT37 | B45: APJ HES CST Japanese | C45: 10 | D45: 10 | E45: 10 | F45: 10 | G45: 10 | H45: =VLOOKUP(A45,UniqueCCOQueueCodes!$A$1:$T$607,6,0) -> Y | I45: =VLOOKUP(A45,UniqueCCOQueueCodes!$A$1:$T$607,20,0) -> Custom Model
A46: CT67 | B46: RPS Remote Proactive Services | C46: 182 | D46: 182 | E46: 182 | F46: 181 | G46: 181 | H46: =VLOOKUP(A46,UniqueCCOQueueCodes!$A$1:$T$607,6,0) -> Y | I46: =VLOOKUP(A46,UniqueCCOQueueCodes!$A$1:$T$607,20,0) -> HES
A47: CT68 | B47: RPS Proactive Systems Maintenance | C47: 41 | D47: 41 | E47: 41 | F47: 41 | G47: 41 | H47: =VLOOKUP(A47,UniqueCCOQueueCodes!$A$1:$T$607,6,0) -> N | I47: =VLOOKUP(A47,UniqueCCOQueueCodes!$A$1:$T$607,20,0) -> Not Planned
A48: CZ03 | B48: CZE Enterprise (BRA) | C48: 10 | D48: 10 | E48: 10 | F48: 9 | G48: 9 | H48: =VLOOKUP(A48,UniqueCCOQueueCodes!$A$1:$T$607,6,0) -> Y | I48: =VLOOKUP(A48,UniqueCCOQueueCodes!$A$1:$T$607,20,0) -> ESG
... A145: NF22 | B145: HES Manager | C145: 2 | D145: 2 | E145: 2 | F145: 2 | G145: 2 | H145: =VLOOKUP(A145,UniqueCCOQueueCodes!$A$1:$T$607,6,0) -> N | I145: =VLOOKUP(A145,UniqueCCOQueueCodes!$A$1:$T$607,20,0) -> Not Planned
A146: NF23 | B146: HES Non-Frontline | C146: 1 | D146: 1 | E146: 1 | F146: 1 | H146: =VLOOKUP(A146,UniqueCCOQueueCodes!$A$1:$T$607,6,0) -> N | I146: =VLOOKUP(A146,UniqueCCOQueueCodes!$A$1:$T$607,20,0) -> Not Planned
A147: NF25 | B147: HES Quality Coach | C147: 16 | D147: 16 | E147: 16 | F147: 16 | G147: 16 | H147: =VLOOKUP(A147,UniqueCCOQueueCodes!$A$1:$T$607,6,0) -> N | I147: =VLOOKUP(A147,UniqueCCOQueueCodes!$A$1:$T$607,20,0) -> Not Planned
A148: NF26 | B148: HES Technical Lead | C148: 5 | D148: 5 | E148: 5 | F148: 5 | G148: 5 | H148: =VLOOKUP(A148,UniqueCCOQueueCodes!$A$1:$T$607,6,0) -> N | I148: =VLOOKUP(A148,UniqueCCOQueueCodes!$A$1:$T$607,20,0) -> Not Planned
A149: NF28 | B149: LATAM Non-Frontline | C149: 1 | D149: 1 | E149: 1 | F149: 1 | G149: 1 | H149: =VLOOKUP(A149,UniqueCCOQueueCodes!$A$1:$T$607,6,0) -> N | I149: =VLOOKUP(A149,UniqueCCOQueueCodes!$A$1:$T$607,20,0) -> Not Planned
A150: NF30 | B150: LATAM Quality Coach | C150: 11 | D150: 11 | E150: 11 | F150: 11 | G150: 11 | H150: =VLOOKUP(A150,UniqueCCOQueueCodes!$A$1:$T$607,6,0) -> N | I150: =VLOOKUP(A150,UniqueCCOQueueCodes!$A$1:$T$607,20,0) -> Not Planned
A151: NF34 | B151: NAMER Quality Coach | C151: 25 | D151: 25 | E151: 25 | F151: 25 | G151: 25 | H151: =VLOOKUP(A151,UniqueCCOQueueCodes!$A$1:$T$607,6,0) -> N | I151: =VLOOKUP(A151,UniqueCCOQueueCodes!$A$1:$T$607,20,0) -> Not Planned
A152: NF37 | B152: Service Engineering Non-Frontline | C152: 1 | D152: 1 | E152: 1 | F152: 1 | G152: 1 | H152: =VLOOKUP(A152,UniqueCCOQueueCodes!$A$1:$T$607,6,0) -> N | I152: =VLOOKUP(A152,UniqueCCOQueueCodes!$A$1:$T$607,20,0) -> Not Planned
A153: NF42 | B153: SSO Non-Frontline | C153: 7 | D153: 7 | E153: 7 | F153: 7 | G153: 7 | H153: =VLOOKUP(A153,UniqueCCOQueueCodes!$A$1:$T$607,6,0) -> N | I153: =VLOOKUP(A153,UniqueCCOQueueCodes!$A$1:$T$607,20,0) -> Not Planned
A154: NF43 | B154: SSO NR-FLS | C154: 42 | D154: 42 | E154: 42 | F154: 42 | G154: 42 | H154: =VLOOKUP(A154,UniqueCCOQueueCodes!$A$1:$T$607,6,0) -> N | I154: =VLOOKUP(A154,UniqueCCOQueueCodes!$A$1:$T$607,20,0) -> Not Planned
A155: NF56 | B155: HCS Quality Coach | C155: 11 | D155: 11 | E155: 11 | F155: 11 | G155: 11 | H155: =VLOOKUP(A155,UniqueCCOQueueCodes!$A$1:$T$607,6,0) -> N | I155: =VLOOKUP(A155,UniqueCCOQueueCodes!$A$1:$T$607,20,0) -> Not Planned
A156: NF57 | B156: Global TELCO | C156: 23 | D156: 24 | E156: 24 | F156: 24 | G156: 23 | H156: =VLOOKUP(A156,UniqueCCOQueueCodes!$A$1:$T$607,6,0) -> Y | I156: =VLOOKUP(A156,UniqueCCOQueueCodes!$A$1:$T$607,20,0) -> HES
A157: NF58 | B157: Global HCS Content Creators | C157: 5 | D157: 5 | E157: 5 | F157: 5 | G157: 5 | H157: =VLOOKUP(A157,UniqueCCOQueueCodes!$A$1:$T$607,6,0) -> N | I157: =VLOOKUP(A157,UniqueCCOQueueCodes!$A$1:$T$607,20,0) -> Not Planned
A158: Not Assigned | B158: Not Assigned | C158: 7 | D158: 7 | E158: 7 | F158: 7 | G158: 6 | H158: =VLOOKUP(A158,UniqueCCOQueueCodes!$A$1:$T$607,6,0) -> #N/A | I158: =VLOOKUP(A158,UniqueCCOQueueCodes!$A$1:$T$607,20,0) -> #N/A
... A172: KR14 | B172: Korea CNS | C172: 19 | D172: 19 | E172: 20 | F172: 20 | G172: 20 | H172: =VLOOKUP(A172,UniqueCCOQueueCodes!$A$1:$T$607,6,0) -> Y | I172: =VLOOKUP(A172,UniqueCCOQueueCodes!$A$1:$T$607,20,0) -> ESG
A173: Grand Total | C173: 4816.6047 | D173: 4812.6047 | E173: 4805.6047 | F173: 4787.6047 | G173: 4693.6047 | H173: =VLOOKUP(A173,UniqueCCOQueueCodes!$A$1:$T$607,6,0) -> #N/A | I173: =VLOOKUP(A173,UniqueCCOQueueCodes!$A$1:$T$607,20,0) -> #N/A

Sheet Unique_CCO_Queue_Code_Update
A1: Queues AA Plan For | B1: epicenter_cco_queue_code | C1: epicenter_cco_queue_desc | D1: L5 | E1: Domain | F1: LOB Alignment | G1: Flag | H1: Resource Region | I1: Resource Sub Region | J1: Utilization | K1: Queue Description | L1: Capacity Planner | M1: Business Owner | N1: Coverage HC | O1: HES/ESG | P1: Status | Q1: Comment
A2: 1. Filter Out | B2: BT02 | C2: Brazil Midrange | D2: Kenneally, Niall | E2: Midrange | F2: Midrange | G2: Y | H2: LATAM | I2: Brazil | J2: 0.626 | K2: =B2&"_"&C2 -> BT02_Brazil Midrange | M2: Lucas Serafim | O2: Custom Model | P2: Inactive
A3: 1. Filter Out | B3: BT03 | C3: MMCLA Midrange | D3: Kenneally, Niall | E3: Midrange | F3: Midrange | G3: Y | H3: LATAM | I3: MMCLA | J3: 0.626 | K3: =B3&"_"&C3 -> BT03_MMCLA Midrange | M3: Lucas Serafim | O3: Custom Model | P3: Inactive
A4: 1. Filter Out | B4: CV02 | C4: HCS AMER Converged Infrastructure | D4: D'Arcy, Mark | E4: GNCS | F4: Powerflex | G4: Y | H4: NAMER | J4: 0.648 | K4: =B4&"_"&C4 -> CV02_HCS AMER Converged Infrastructure | M4: Bethany Rana | N4: 14 | O4: Custom Model | P4: Inactive
A5: 1. Filter Out | B5: CV03 | C5: HCS APJ Converged Infrastructure | D5: D'Arcy, Mark | E5: GNCS | F5: Powerflex | G5: Y | H5: APJ | J5: 0.629 | K5: =B5&"_"&C5 -> CV03_HCS APJ Converged Infrastructure | M5: Bethany Rana | N5: 14 | O5: Custom Model | P5: Inactive
A6: 1. Filter Out | B6: CV04 | C6: HCS EMEA Converged Infrastructure | D6: D'Arcy, Mark | E6: GNCS | F6: Powerflex | G6: Y | H6: EMEA | J6: 0.617 | K6: =B6&"_"&C6 -> CV04_HCS EMEA Converged Infrastructure | M6: Bethany Rana | N6: 14 | O6: Custom Model | P6: Inactive
A7: 1. Filter Out | B7: CV05 | C7: HCS Global Converged Infrastructure | D7: D'Arcy, Mark | E7: GNCS | F7: Powerflex | G7: Y | H7: Global | J7: 0.633 | K7: =B7&"_"&C7 -> CV05_HCS Global Converged Infrastructure | M7: Bethany Rana | N7: 24 | O7: Custom Model | P7: Inactive
A8: 1. Filter Out | B8: HE02 | C8: Global AST | D8: Brown, Dexter | E8: GIST | F8: GIST | G8: N | H8: EMEA | I8: Egypt | J8: 0.633 | K8: =B8&"_"&C8 -> HE02_Global AST | M8: StephenRaj Kumar / CZ | N8: 14 | O8: Custom Model | P8: Inactive
A9: 1. Filter Out | B9: AM02 | C9: Enterprise Support Services US | D9: No Assigned L6 | F9: Enterprise | G9: Y | H9: NAMER | I9: United States | J9: 0.648 | K9: =B9&"_"&C9 -> AM02_Enterprise Support Services US | N9: 14 | O9: ESG | P9: Inactive
A10: 1. Filter Out | B10: AM04 | C10: Networking ProSupport Analysts US | D10: No Assigned L6 | E10: Networking | F10: Networking | G10: Y | H10: NAMER | I10: United States | J10: 0.648 | K10: =B10&"_"&C10 -> AM04_Networking ProSupport Analysts US | N10: 14 | O10: ESG | P10: Inactive
A11: 1. Filter Out | B11: AM05 | C11: Networking ProSupport RTSE US | D11: No Assigned L6 | E11: Networking | F11: Networking | G11: Y | H11: NAMER | I11: United States | J11: 0.648 | K11: =B11&"_"&C11 -> AM05_Networking ProSupport RTSE US | N11: 14 | O11: ESG | P11: Inactive
A12: 1. Filter Out | B12: AO06 | C12: APJ Upsell-Operations Multi | D12: No Assigned L6 | E12: All | F12: All | G12: Y | H12: APJ | I12: India | J12: 0.629 | K12: =B12&"_"&C12 -> AO06_APJ Upsell-Operations Multi | N12: 14 | O12: ESG | P12: Inactive
A13: 1. Filter Out | B13: AZ09 | C13: Networking ProSupport ANZ | D13: Yap, Diane | E13: Networking | F13: Networking | G13: Y | H13: APJ | I13: Australia | J13: 0.629 | K13: =B13&"_"&C13 -> AZ09_Networking ProSupport ANZ | M13: Chen Zhou | N13: 8 | O13: ESG | P13: Inactive
A14: 1. Filter Out | B14: BPS1 | C14: Brazil Powerstore | D14: No Assigned L6 | E14: Storage | F14: Storage | G14: Y | H14: LATAM | I14: Brazil | J14: 0.571 | K14: =B14&"_"&C14 -> BPS1_Brazil Powerstore | M14: Darrick Nelsen | N14: 8 | O14: ESG | P14: Inactive
A15: 1. Filter Out | B15: BR02 | C15: Brazil Senior and Master Engineer | D15: No Assigned L6 | E15: Server | F15: Enterprise | G15: Y | H15: LATAM | I15: Brazil | J15: 0.571 | K15: =B15&"_"&C15 -> BR02_Brazil Senior and Master Engineer | N15: 14 | O15: ESG | P15: Inactive
A16: 1. Filter Out | B16: BW01 | C16: CCC Compute ProSupport Mandarin Voice BW | D16: Yap, Diane | E16: Server | F16: Server | G16: Y | H16: APJ | I16: China | J16: 0.629 | K16: =B16&"_"&C16 -> BW01_CCC Compute ProSupport Mandarin Voice BW | M16: Chen Zhou | N16: 14 | O16: ESG | P16: Inactive
A17: 1. Filter Out | B17: BZ10 | C17: BRZ HC Server Voice (EL) | D17: No Assigned L6 | E17: Server | F17: Server | G17: Y | H17: LATAM | I17: Brazil | J17: 0.571 | K17: =B17&"_"&C17 -> BZ10_BRZ HC Server Voice (EL) | M17: Darrick Nelsen | N17: 8 | O17: ESG | P17: Inactive
A18: 1. Filter Out | B18: BZ11 | C18: BRZ HC Storage Voice (EL) | D18: No Assigned L6 | E18: Storage | F18: Storage | G18: Y | H18: LATAM | I18: Brazil | J18: 0.571 | K18: =B18&"_"&C18 -> BZ11_BRZ HC Storage Voice (EL) | M18: Darrick Nelsen | N18: 8 | O18: ESG | P18: Inactive
A19: 1. Filter Out | B19: BZ13 | C19: BRZ LC Server Voice (EL) | D19: No Assigned L6 | E19: Server | F19: Server | G19: Y | H19: LATAM | I19: Brazil | J19: 0.571 | K19: =B19&"_"&C19 -> BZ13_BRZ LC Server Voice (EL) | M19: Darrick Nelsen | N19: 8 | O19: ESG | P19: Inactive
A20: 1. Filter Out | B20: BZ14 | C20: BRZ LC Storage Voice (EL) | D20: Kenneally, Niall | E20: Storage | F20: Storage | G20: Y | H20: LATAM | I20: Brazil | J20: 0.571 | K20: =B20&"_"&C20 -> BZ14_BRZ LC Storage Voice (EL) | M20: Lucas Serafim | N20: 8 | O20: ESG | P20: Inactive
A21: 1. Filter Out | B21: CC04 | C21: CCC Enterprise CMG Mandarin Voice BW | D21: Christmas, James | E21: Server | F21: Server | G21: Y | H21: APJ | I21: China | J21: 0.629 | K21: =B21&"_"&C21 -> CC04_CCC Enterprise CMG Mandarin Voice BW | N21: 14 | O21: ESG | P21: Inactive
A22: 1. Filter Out | B22: CC05 | C22: Networking CCC | D22: No Assigned L6 | E22: Networking | F22: Networking | G22: Y | H22: APJ | I22: China | J22: 0.629 | K22: =B22&"_"&C22 -> CC05_Networking CCC | M22: Chen Zhou | N22: 8 | O22: ESG | P22: Inactive
A23: 1. Filter Out | B23: CC07 | C23: Enterprise Core CCC | D23: No Assigned L6 | E23: Server | F23: Server | G23: Y | H23: APJ | I23: China | J23: 0.629 | K23: =B23&"_"&C23 -> CC07_Enterprise Core CCC | N23: 14 | O23: ESG | P23: Inactive
A24: 1. Filter Out | B24: CC09 | C24: Server ProSupport CCC | D24: No Assigned L6 | G24: Y | K24: =B24&"_"&C24 -> CC09_Server ProSupport CCC | O24: ESG | P24: Inactive
A25: 1. Filter Out | B25: CC10 | C25: Storage ProSupport CCC | D25: No Assigned L6 | E25: Storage | F25: Storage | G25: Y | H25: APJ | I25: China | J25: 0.629 | K25: =B25&"_"&C25 -> CC10_Storage ProSupport CCC | M25: Chen Zhou | N25: 8 | O25: ESG | P25: Inactive
A26: 1. Filter Out | B26: CC22 | C26: Enterprise TW | D26: No Assigned L6 | G26: Y | K26: =B26&"_"&C26 -> CC22_Enterprise TW | O26: ESG | P26: Inactive
A27: 1. Filter Out | B27: CC23 | C27: Server ProSupport Plus CCC | D27: No Assigned L6 | G27: Y | K27: =B27&"_"&C27 -> CC23_Server ProSupport Plus CCC | O27: ESG | P27: Inactive
A28: 1. Filter Out | B28: CC27 | C28: Server Combined CCC | D28: No Assigned L6 | E28: Server | F28: Server | G28: Y | H28: APJ | I28: China | J28: 0.629 | K28: =B28&"_"&C28 -> CC27_Server Combined CCC | M28: Chen Zhou | N28: 8 | O28: ESG | P28: Inactive
A29: 1. Filter Out | B29: CC28 | C29: APJ ESG Call Directors Chinese | D29: Yap, Diane | E29: CST | F29: Enterprise | G29: N | H29: APJ | I29: China | J29: 0.629 | K29: =B29&"_"&C29 -> CC28_APJ ESG Call Directors Chinese | M29: Chen Zhou | N29: 14 | O29: ESG | P29: Inactive
A30: 1. Filter Out | B30: CCB1 | C30: CCC Compute Basic Mandarin Voice BW | D30: Yap, Diane | E30: Server | F30: Server | G30: Y | H30: APJ | I30: China | J30: 0.629 | K30: =B30&"_"&C30 -> CCB1_CCC Compute Basic Mandarin Voice BW | M30: Chen Zhou | N30: 14 | O30: ESG | P30: Inactive
A31: 1. Filter Out | B31: CE01 | C31: Enterprise Echannel CCC | D31: No Assigned L6 | F31: Server | G31: Y | H31: APJ | I31: China | J31: 0.629 | K31: =B31&"_"&C31 -> CE01_Enterprise Echannel CCC | N31: 14 | O31: ESG | P31: Inactive
A32: 1. Filter Out | B32: CE02 | C32: Storage Echannel CCC | D32: No Assigned L6 | E32: Storage | F32: Storage | G32: Y | H32: APJ | I32: China | J32: 0.629 | K32: =B32&"_"&C32 -> CE02_Storage Echannel CCC | M32: Chen Zhou | N32: 8 | O32: ESG | P32: Inactive
A33: 1. Filter Out | B33: CG Comp | C33: Global Compellent Capgemini | D33: No Assigned L6 | G33: Y | K33: =B33&"_"&C33 -> CG Comp_Global Compellent Capgemini | O33: ESG | P33: Inactive
A34: 1. Filter Out | B34: CGEQ | C34: GLOBAL Equallogic Capgemini | D34: Copeland, Jessica | E34: Storage | G34: Y | K34: =B34&"_"&C34 -> CGEQ_GLOBAL Equallogic Capgemini | O34: ESG | P34: Inactive
A35: 1. Filter Out | B35: CGGC | C35: Global Compellent Capgemini | D35: Copeland, Jessica | G35: Y | K35: =B35&"_"&C35 -> CGGC_Global Compellent Capgemini | O35: ESG | P35: Inactive
A36: 1. Filter Out | B36: CGVE | C36: GLOBAL VNXe Capgemini | D36: Copeland, Jessica | G36: Y | K36: =B36&"_"&C36 -> CGVE_GLOBAL VNXe Capgemini | O36: ESG | P36: Inactive
A37: 1. Filter Out | B37: CT13 | C37: CTE CCC | D37: No Assigned L6 | E37: CTE | F37: CTE | G37: Y | H37: Global | I37: Global | J37: 0.633 | K37: =B37&"_"&C37 -> CT13_CTE CCC | M37: Chen Zhou | N37: 14 | O37: ESG | P37: Inactive
A38: 1. Filter Out | B38: CT15 | C38: CTE JPN | D38: Johnson, Meghan | E38: CTE | F38: CTE | G38: Y | H38: Global | I38: Global | J38: 0.633 | K38: =B38&"_"&C38 -> CT15_CTE JPN | M38: Chen Zhou | N38: 14 | O38: ESG | P38: Inactive
A39: 1. Filter Out | B39: CT16 | C39: CTE KOR | D39: No Assigned L6 | E39: CTE | F39: CTE | G39: Y | H39: Global | I39: Global | J39: 0.633 | K39: =B39&"_"&C39 -> CT16_CTE KOR | N39: 14 | O39: ESG | P39: Inactive
A40: 1. Filter Out | B40: CT18 | C40: CTE SA | D40: No Assigned L6 | E40: CTE | F40: CTE | G40: Y | H40: Global | I40: Global | J40: 0.633 | K40: =B40&"_"&C40 -> CT18_CTE SA | M40: Chen Zhou | N40: 7 | O40: ESG | P40: Inactive
A41: 1. Filter Out | B41: CT36 | C41: Networking SPSPE | D41: No Assigned L6 | G41: Y | K41: =B41&"_"&C41 -> CT36_Networking SPSPE | O41: ESG | P41: Inactive
A42: 1. Filter Out | B42: CT95 | C42: CTE NW IND | D42: No Assigned L6 | E42: CTE | F42: CTE | G42: Y | H42: APJ | I42: India | J42: 0.629 | K42: =B42&"_"&C42 -> CT95_CTE NW IND | M42: Chen Zhou | N42: 14 | O42: ESG | P42: Inactive
A43: 1. Filter Out | B43: CT96 | C43: CTE Storage IND | D43: No Assigned L6 | E43: CTE | F43: CTE | G43: Y | H43: APJ | I43: India | J43: 0.629 | K43: =B43&"_"&C43 -> CT96_CTE Storage IND | M43: Chen Zhou | N43: 14 | O43: ESG | P43: Inactive
A44: 1. Filter Out | B44: CTA3 | C44: CTE Server/Networking CCC | D44: No Assigned L6 | E44: Server | F44: CTE Pro | G44: N | H44: Asia | I44: China | K44: =B44&"_"&C44 -> CTA3_CTE Server/Networking CCC | M44: Chen Zhou | O44: ESG | P44: Inactive
A45: 1. Filter Out | B45: CTA4 | C45: CTE Storage CCC | D45: No Assigned L6 | E45: Storage | F45: CTE Pro | G45: N | H45: Asia | I45: China | K45: =B45&"_"&C45 -> CTA4_CTE Storage CCC | M45: Chen Zhou | O45: ESG | P45: Inactive
A46: 1. Filter Out | B46: CTA5 | C46: CTE Server/Networking JPN | D46: Yap, Diane | E46: Server | F46: CTE Pro | G46: N | H46: Asia | I46: JP-KOR | K46: =B46&"_"&C46 -> CTA5_CTE Server/Networking JPN | M46: Chen Zhou | O46: ESG | P46: Inactive
A47: 1. Filter Out | B47: CTA6 | C47: CTE Storage JPN | D47: Yap, Diane | E47: Storage | F47: CTE Pro | G47: N | H47: Asia | I47: JP-KOR | K47: =B47&"_"&C47 -> CTA6_CTE Storage JPN | M47: Chen Zhou | O47: ESG | P47: Inactive
A48: 1. Filter Out | B48: CTA7 | C48: CTE Enterprise KOR | D48: No Assigned L6 | E48: Enterprise | F48: CTE Pro | G48: N | H48: Asia | I48: JP-KOR | K48: =B48&"_"&C48 -> CTA7_CTE Enterprise KOR | M48: Chen Zhou | O48: ESG | P48: Inactive
A49: 1. Filter Out | B49: CTE2 | C49: NA CTE Server | D49: D'Arcy, Mark | E49: CTE | F49: CTE | G49: Y | H49: NAMER | I49: United States | J49: 0.648 | K49: =B49&"_"&C49 -> CTE2_NA CTE Server | M49: Bethany Rana | N49: 8 | O49: ESG | P49: Inactive
A50: 1. Filter Out | B50: CTE3 | C50: EMEA SERVER CTE | D50: No Assigned L6 | E50: CTE | F50: CTE | G50: Y | H50: EMEA | I50: SER | J50: 0.617 | K50: =B50&"_"&C50 -> CTE3_EMEA SERVER CTE | M50: Douglas Lumb | N50: 8 | O50: ESG | P50: Inactive
A51: 1. Filter Out | B51: CTE4 | C51: EMEA MODULAR CTE | D51: No Assigned L6 | E51: CTE | F51: CTE | G51: Y | H51: EMEA | I51: SER | J51: 0.617 | K51: =B51&"_"&C51 -> CTE4_EMEA MODULAR CTE | M51: Douglas Lumb | N51: 8 | O51: ESG | P51: Inactive
A52: 1. Filter Out | B52: CTE6 | C52: NA CTE Storage | D52: No Assigned L6 | E52: CTE | F52: CTE | G52: Y | H52: NAMER | I52: United States | J52: 0.648 | K52: =B52&"_"&C52 -> CTE6_NA CTE Storage | M52: Douglas Lumb | N52: 8 | O52: ESG | P52: Inactive
A53: 1. Filter Out | B53: CX01 | C53: NA Server Basic (Concentrix) | D53: Copeland, Jessica | E53: Server | G53: Y | K53: =B53&"_"&C53 -> CX01_NA Server Basic (Concentrix) | O53: ESG | P53: Inactive
A54: 1. Filter Out | B54: CX02 | C54: Server Core IND CNX | D54: Copeland, Jessica | E54: Server | G54: Y | K54: =B54&"_"&C54 -> CX02_Server Core IND CNX | O54: ESG | P54: Inactive
A55: 1. Filter Out | B55: CX04 | C55: Server Core SA CNX | D55: Copeland, Jessica | E55: Server | G55: Y | K55: =B55&"_"&C55 -> CX04_Server Core SA CNX | O55: ESG | P55: Inactive
A56: 1. Filter Out | B56: CX05 | C56: NA Server Basic Chat (CNX) | D56: Copeland, Jessica | E56: Server | G56: Y | K56: =B56&"_"&C56 -> CX05_NA Server Basic Chat (CNX) | O56: ESG | P56: Inactive
A57: 1. Filter Out | B57: DE07 | C57: GER ProSupp Server Email (HAL) | D57: D'Arcy, Mark | E57: Server | F57: Server | G57: Y | H57: EMEA | I57: CER | J57: 0.617 | K57: =B57&"_"&C57 -> DE07_GER ProSupp Server Email (HAL) | M57: Bethany Rana | N57: 7 | O57: ESG | P57: Inactive
A58: 1. Filter Out | B58: DE08 | C58: GER Modular (HAL) | D58: D'Arcy, Mark | E58: Server | F58: Server | G58: Y | H58: EMEA | I58: CER | J58: 0.617 | K58: =B58&"_"&C58 -> DE08_GER Modular (HAL) | M58: Bethany Rana | N58: 7 | O58: ESG | P58: Inactive
A59: 1. Filter Out | B59: DE12 | C59: GER Solutions (HAL) | D59: No Assigned L6 | E59: Server | F59: Server | G59: Y | H59: EMEA | I59: Germany | J59: 0.617 | K59: =B59&"_"&C59 -> DE12_GER Solutions (HAL) | N59: 14 | O59: ESG | P59: Inactive
A60: 1. Filter Out | B60: DE13 | C60: GER Enterprise (HAL) | D60: D'Arcy, Mark | E60: Server | F60: Server | G60: Y | H60: EMEA | I60: CER | J60: 0.617 | K60: =B60&"_"&C60 -> DE13_GER Enterprise (HAL) | M60: Bethany Rana | N60: 7 | O60: ESG | P60: Inactive
A61: 1. Filter Out | B61: DP01 | C61: DSP OEM | D61: Yap, Diane | E61: Server | F61: Server | G61: Y | H61: APJ | I61: India | J61: 0.629 | K61: =B61&"_"&C61 -> DP01_DSP OEM | M61: Chen Zhou | N61: 10 | O61: ESG | P61: Inactive
A62: 1. Filter Out | B62: EC06 | C62: EC Server Basic Hebrew (CGS) NET | D62: No Assigned L6 | E62: Server | F62: Server | G62: Y | H62: EMEA | I62: Israel | J62: 0.617 | K62: =B62&"_"&C62 -> EC06_EC Server Basic Hebrew (CGS) NET | N62: 14 | O62: ESG | P62: Inactive
A63: 1. Filter Out | B63: EC07 | C63: EC ProSupp Server Hebrew (CGS) | D63: Christmas, James | E63: Server | F63: Server | G63: Y | H63: EMEA | I63: Israel | J63: 0.617 | K63: =B63&"_"&C63 -> EC07_EC ProSupp Server Hebrew (CGS) | N63: 14 | O63: ESG | P63: Inactive
A64: 1. Filter Out | B64: EC21 | C64: EC RUS Enterprise (HAL) | D64: No Assigned L6 | E64: Server | F64: Server | G64: Y | H64: EMEA | I64: CER | J64: 0.617 | K64: =B64&"_"&C64 -> EC21_EC RUS Enterprise (HAL) | M64: Douglas Lumb | N64: 7 | O64: ESG | P64: Inactive
A65: 1. Filter Out | B65: EC30 | C65: EC Basic Enterprise (CAS) | D65: D'Arcy, Mark | E65: Server | F65: Server | G65: Y | H65: EMEA | I65: SER | J65: 0.617 | K65: =B65&"_"&C65 -> EC30_EC Basic Enterprise (CAS) | M65: Bethany Rana | N65: 10 | O65: ESG | P65: Inactive
A66: 1. Filter Out | B66: EC32 | C66: EC ProSupp Server Arabic (CAS) | D66: D'Arcy, Mark | E66: Server | F66: Server | G66: Y | H66: EMEA | I66: SER | J66: 0.617 | K66: =B66&"_"&C66 -> EC32_EC ProSupp Server Arabic (CAS) | M66: Bethany Rana | N66: 10 | O66: ESG | P66: Inactive
A67: 1. Filter Out | B67: EC34 | C67: EC ProSupp Server CEE (HAL) | D67: No Assigned L6 | E67: Server | F67: Server | G67: Y | H67: EMEA | I67: CER | J67: 0.617 | K67: =B67&"_"&C67 -> EC34_EC ProSupp Server CEE (HAL) | M67: Douglas Lumb | N67: 8 | O67: ESG | P67: Inactive
A68: 1. Filter Out | B68: EC39 | C68: EC ProSupp Storage | D68: No Assigned L6 | E68: Storage | F68: Storage | G68: Y | H68: EMEA | I68: SER | J68: 0.617 | K68: =B68&"_"&C68 -> EC39_EC ProSupp Storage | M68: Miguel Galicia | N68: 7 | O68: ESG | P68: Inactive
A69: 1. Filter Out | B69: FD01 | C69: Federal Support NA | D69: No Assigned L6 | F69: Enterprise | G69: Y | H69: NAMER | I69: United States | J69: 0.648 | K69: =B69&"_"&C69 -> FD01_Federal Support NA | N69: 14 | O69: ESG | P69: Inactive
A70: 1. Filter Out | B70: FED4 | C70: Federal Server US | D70: No Assigned L6 | E70: Server | F70: Server | G70: Y | H70: NAMER | I70: United States | J70: 0.648 | K70: =B70&"_"&C70 -> FED4_Federal Server US | N70: 8 | O70: ESG | P70: Inactive
A71: 1. Filter Out | B71: FED6 | C71: US Federal Support Storage | D71: No Assigned L6 | E71: Storage | F71: Storage | G71: Y | H71: NAMER | I71: United States | J71: 0.648 | K71: =B71&"_"&C71 -> FED6_US Federal Support Storage | N71: 8 | O71: ESG | P71: Inactive
A72: 1. Filter Out | B72: FR05 | C72: FRA Basic Enterprise (CAS) | D72: D'Arcy, Mark | E72: Server | F72: Server | G72: Y | H72: EMEA | I72: SER | J72: 0.617 | K72: =B72&"_"&C72 -> FR05_FRA Basic Enterprise (CAS) | M72: Bethany Rana | N72: 4 | O72: ESG | P72: Inactive
A73: 1. Filter Out | B73: FR06 | C73: FRA Modular (MTP) | D73: D'Arcy, Mark | E73: Server | F73: Server | G73: Y | H73: EMEA | I73: SER | J73: 0.617 | K73: =B73&"_"&C73 -> FR06_FRA Modular (MTP) | M73: Bethany Rana | N73: 7 | O73: ESG | P73: Inactive
A74: 1. Filter Out | B74: FR08 | C74: FRA Solutions (MTP) | D74: No Assigned L6 | E74: Server | F74: Server | G74: Y | H74: EMEA | I74: France | J74: 0.617 | K74: =B74&"_"&C74 -> FR08_FRA Solutions (MTP) | N74: 14 | O74: ESG | P74: Inactive
A75: 1. Filter Out | B75: FR09 | C75: FRA ProSupport Server (CAS) | D75: No Assigned L6 | E75: Server | F75: Server | G75: Y | H75: EMEA | I75: SER | J75: 0.617 | K75: =B75&"_"&C75 -> FR09_FRA ProSupport Server (CAS) | M75: Douglas Lumb | N75: 7 | O75: ESG | P75: Inactive
A76: 1. Filter Out | B76: FR11 | C76: FRA ProSupport Plus Server (MTP) | D76: No Assigned L6 | E76: Server | F76: Server | G76: Y | H76: EMEA | I76: SER | J76: 0.617 | K76: =B76&"_"&C76 -> FR11_FRA ProSupport Plus Server (MTP) | M76: Douglas Lumb | N76: 7 | O76: ESG | P76: Inactive
A77: 1. Filter Out | B77: FR12 | C77: FRA ProSupp Server Alternate | D77: No Assigned L6 | E77: Server | F77: Server | G77: Y | H77: EMEA | I77: SER | J77: 0.617 | K77: =B77&"_"&C77 -> FR12_FRA ProSupp Server Alternate | N77: 7 | O77: ESG | P77: Inactive
A78: 1. Filter Out | B78: FR13 | C78: ProSupp EQL (MTP) | D78: No Assigned L6 | E78: Storage | F78: Storage | G78: Y | H78: EMEA | I78: #N/A | J78: 0.617 | K78: =B78&"_"&C78 -> FR13_ProSupp EQL (MTP) | N78: 7 | O78: ESG | P78: Inactive
A79: 1. Filter Out | B79: FR23 | C79: FRA ProSupp Storage (MTP) | D79: No Assigned L6 | E79: Storage | F79: Storage | G79: Y | H79: EMEA | I79: France | J79: 0.617 | K79: =B79&"_"&C79 -> FR23_FRA ProSupp Storage (MTP) | N79: 14 | O79: ESG | P79: Inactive
A80: 1. Filter Out | B80: GB08 | C80: UKISA Basic Enterprise (BGL) | D80: No Assigned L6 | E80: Server | F80: Server | G80: Y | H80: EMEA | I80: United Kingdom | J80: 0.617 | K80: =B80&"_"&C80 -> GB08_UKISA Basic Enterprise (BGL) | N80: 10 | O80: ESG | P80: Inactive
A81: 1. Filter Out | B81: GB09 | C81: ProSupp Storage Co Pilot (CWD) | D81: No Assigned L6 | E81: Storage | F81: Storage | G81: Y | H81: EMEA | I81: United Kingdom | J81: 0.617 | K81: =B81&"_"&C81 -> GB09_ProSupp Storage Co Pilot (CWD) | N81: 14 | O81: ESG | P81: Inactive
A82: 1. Filter Out | B82: GB10 | C82: ProSupp EQL (CWD) | D82: No Assigned L6 | E82: Storage | F82: Storage | G82: Y | H82: EMEA | I82: #N/A | J82: 0.617 | K82: =B82&"_"&C82 -> GB10_ProSupp EQL (CWD) | N82: 7 | O82: ESG | P82: Inactive
A83: 1. Filter Out | B83: GB13 | C83: UKI Networking (CWD) | D83: D'Arcy, Mark | E83: Networking | F83: Networking | G83: Y | H83: EMEA | I83: UKI | J83: 0.617 | K83: =B83&"_"&C83 -> GB13_UKI Networking (CWD) | M83: Bethany Rana | N83: 7 | O83: ESG | P83: Inactive
A84: 1. Filter Out | B84: GB14 | C84: ENG Solutions (CWD) | D84: No Assigned L6 | E84: Server | F84: Server | G84: Y | H84: EMEA | I84: United Kingdom | J84: 0.617 | K84: =B84&"_"&C84 -> GB14_ENG Solutions (CWD) | N84: 14 | O84: ESG | P84: Inactive
A85: 1. Filter Out | B85: GB18 | C85: ENG ProSupp Server | D85: No Assigned L6 | E85: Server | F85: Server | G85: Y | H85: EMEA | I85: SER | J85: 0.617 | K85: =B85&"_"&C85 -> GB18_ENG ProSupp Server | M85: Douglas Lumb | N85: 8 | O85: ESG | P85: Inactive
A86: 1. Filter Out | B86: GB21 | C86: ProSupp Storage 247 (CWD) | D86: Kenneally, Niall | E86: Storage | F86: Storage | G86: Y | H86: EMEA | I86: UKI | J86: 0.617 | K86: =B86&"_"&C86 -> GB21_ProSupp Storage 247 (CWD) | M86: Miguel Galicia | N86: 8 | O86: ESG | P86: Inactive
A87: 1. Filter Out | B87: GB29 | C87: EMEA ProSupport Powerstore | D87: No Assigned L6 | E87: Storage | F87: Storage | G87: Y | H87: EMEA | I87: SER | J87: 0.617 | K87: =B87&"_"&C87 -> GB29_EMEA ProSupport Powerstore | N87: 8 | O87: ESG | P87: Inactive
A88: 1. Filter Out | B88: GB31 | C88: UKI Storage | D88: No Assigned L6 | E88: Storage | F88: Storage | G88: Y | H88: EMEA | I88: UKI | J88: 0.617 | K88: =B88&"_"&C88 -> GB31_UKI Storage | M88: Miguel Galicia | N88: 8 | O88: ESG | P88: Inactive
A89: 1. Filter Out | B89: GCTE | C89: CTE Global English | D89: Johnson, Meghan | E89: CTE | F89: CTE | G89: Y | H89: APJ | I89: India | K89: =B89&"_"&C89 -> GCTE_CTE Global English | O89: ESG | P89: Inactive
A90: 1. Filter Out | B90: GG01 | C90: GER ProSupp Storage Co Pilot | D90: No Assigned L6 | E90: Storage | F90: Storage | G90: Y | H90: EMEA | I90: Germany | J90: 0.617 | K90: =B90&"_"&C90 -> GG01_GER ProSupp Storage Co Pilot | N90: 14 | O90: ESG | P90: Inactive
A91: 1. Filter Out | B91: Global Powerstore | C91: Global Powerstore | D91: No Assigned L6 | E91: Storage | F91: Storage | G91: N | H91: Global | I91: Global | J91: 0.633 | K91: =B91&"_"&C91 -> Global Powerstore_Global Powerstore | M91: Miguel Galicia | N91: 24 | O91: ESG | P91: Inactive
A92: 1. Filter Out | B92: HE17 | C92: HES Global Operations | D92: Yap, Diane | E92: Social | F92: High End Storage | G92: N | H92: Global | I92: Global | J92: 0.633 | K92: =B92&"_"&C92 -> HE17_HES Global Operations | N92: 14 | O92: ESG | P92: Inactive
A93: 1. Filter Out | B93: HWPA | C93: Honeywell Panama | D93: No Assigned L6 | G93: Y | K93: =B93&"_"&C93 -> HWPA_Honeywell Panama | O93: ESG | P93: Inactive
A94: 1. Filter Out | B94: IN15 | C94: Server Core IND | D94: No Assigned L6 | E94: Server | F94: Server | G94: Y | H94: India | I94: India | J94: 0.629 | K94: =B94&"_"&C94 -> IN15_Server Core IND | N94: 14 | O94: ESG | P94: Inactive
A95: 1. Filter Out | B95: IN19 | C95: Wyse IND | D95: Christmas, James | E95: Client | F95: Cloud Client | G95: N | H95: APJ | I95: India | J95: 0.629 | K95: =B95&"_"&C95 -> IN19_Wyse IND | N95: 14 | O95: ESG | P95: Inactive
A96: 1. Filter Out | B96: IT04 | C96: ITA Basic Enterprise (CAS) | D96: D'Arcy, Mark | E96: Server | F96: Server | G96: Y | H96: EMEA | I96: SER | J96: 0.617 | K96: =B96&"_"&C96 -> IT04_ITA Basic Enterprise (CAS) | M96: Bethany Rana | N96: 4 | O96: ESG | P96: Inactive
A97: 1. Filter Out | B97: IT08 | C97: ITA ProSupp Server (MTP) | D97: D'Arcy, Mark | E97: Server | F97: Server | G97: Y | H97: EMEA | I97: SER | J97: 0.617 | K97: =B97&"_"&C97 -> IT08_ITA ProSupp Server (MTP) | M97: Bethany Rana | N97: 4 | O97: ESG | P97: Inactive
A98: 1. Filter Out | B98: IU56 | C98: APJ GNCS Hyperconverged Wipro | D98: No Assigned L6 | G98: Y | K98: =B98&"_"&C98 -> IU56_APJ GNCS Hyperconverged Wipro | O98: ESG | P98: Inactive
A99: 1. Filter Out | B99: IV01 | C99: IND VX Rail Storage | D99: No Assigned L6 | F99: Storage | G99: Y | H99: India | I99: #N/A | J99: 0.629 | K99: =B99&"_"&C99 -> IV01_IND VX Rail Storage | O99: ESG | P99: Inactive
A100: 1. Filter Out | B100: JP11 | C100: Enterprise Core/ProSupport MIY | D100: No Assigned L6 | F100: Server | G100: Y | H100: APJ | I100: Japan | J100: 0.629 | K100: =B100&"_"&C100 -> JP11_Enterprise Core/ProSupport MIY | N100: 14 | O100: ESG | P100: Inactive
...

Sheet AR
B3: Raghaw | F3: Sarthak
B4: Action | C4: Code | F4: Capacity code | G4: Combined Queue Name | H4: New_Capacity code | I4: New_Combined Queue Name
B5: Missing | C5: GC21 | D5: ESG | F5: IS34 | G5: APJ HES MIDRANGE | H5: GS05 | I5: Global HES Midrange FL
B6: Missing | C6: GS03 | D6: ESG | F6: IS61 | G6: EMEA HES MIDRANGE
B7: Missing | C7: GS04 | D7: ESG | F7: IU43 | G7: NAMER HES MIDRANGE
B8: Missing | C8: GC22 | F8: IS14 | G8: APJ HES Connectivity | H8: GC22 | I8: Global Connectivity
B9: Missing | C9: HE12 | F9: IS41 | G9: EMEA HES Connectivity
B10: Missing | C10: GS05 | F10: IU23 | G10: NAMER HES Connectivity
B11: Fix | C11: GC23 | F11: IS32 | G11: APJ HES SymmSW | H11: GC24 | I11: Global Symmetrix SW
B12: Missing | C12: GC24 | F12: IU41 | G12: NAMER HES SymmSW
B13: Missing | C13: BL17 | F13: IS59 | G13: EMEA HES SymmSW
B14: Missing | C14: GH23 | F14: IS36 | G14: APJ HES Vplex | H14: GH23 | I14: Global Vplex Backline
F15: IS63 | G15: EMEA HES Vplex
F16: IU45 | G16: NAMER HES Vplex
F17: GH22 | G17: GLOBAL HES MIDRANGE | H17: BL17 | I17: GLOBAL HES MIDRANGE Backline
F18: GH24 | G18: GLOBAL HES XtremIO
F19: IS64 | G19: EMEA HES XtremIO
F20: IS21 | G20: APJ HES Integrated_Software | H20: HE12 | I20: Global Integrated Software
F21: IS48 | G21: EMEA HES Integrated_Software | H21: HE12 | I21: Global Integrated Software
F22: IU30 | G22: NAMER HES Integrated_Software | H22: HE12 | I22: Global Integrated Software

Sheet CQNs Merged_Split
B2: Old | D2: New
B3: Old CQN Code | C3: Old CQN Name | D3: New CQN Code | E3: New CQN Name
B4: BPS1 | C4: Brazil Powerstore | D4: BT02 | E4: Brazil Midrange
B5: RPS1 | C5: MMCLA Powerstore | D5: BT03 | E5: MMCLA Midrange
B6: IU16 | C6: LATAM HES MIDRANGE | D6: BT02 | E6: Brazil Midrange
B7: NE07 | C7: Networking Basic US | D7: BT04 | E7: Global Networking English
B8: NE20 | C8: Networking ProSupport US | D8: BT04 | E8: Global Networking English | F8: IU16 | G8: LATAM HES MIDRANGE
B9: MY11 | C9: Networking Pro Core SA | D9: BT04 | E9: Global Networking English
B10: AZ09 | C10: Networking ProSupport ANZ | D10: BT04 | E10: Global Networking English
B11: GB13 | C11: UKI Networking (CWD) | D11: BT04 | E11: Global Networking English
B12: EC34 | C12: EC ProSupp Server CEE (HAL) | D12: BT06 | E12: EC Compute CEE RUA
B13: EC21 | C13: EC RUS Enterprise (HAL) | D13: BT06 | E13: EC Compute CEE RUA
B14: PG01 | C14: POR ProSupp Server (MTP) | D14: BT07 | E14: SER Compute Iberian
B15: SP09 | C15: SPA ProSupp Server (MTP) | D15: BT07 | E15: SER Compute Iberian
B16: SP04 | C16: SPA Basic Enterprise (CAS) | D16: BT07 | E16: SER Compute Iberian
B17: FR05 | C17: FRA Basic Enterprise (CAS) | D17: BT08 | E17: SER Server French
B18: FR06 | C18: FRA Modular (MTP) | D18: BT08 | E18: SER Server French
B19: FR09 | C19: FRA ProSupport Server (CAS) | D19: BT08 | E19: SER Server French
B20: FR11 | C20: FRA ProSupport Plus Server (MTP) | D20: BT08 | E20: SER Server French
... B103: IS64 | C103: EMEA HES XtremIO | D103: BL17 | E103: GLOBAL HES MIDRANGE Backline
B104: CC12 | C104: Social Media CCC | D104: CC29 | E104: CCC CNS Mandarin | F104: WIP
B105: BT10 | C105: CCC CNS Mandarin Voice | D105: CC29 | E105: CCC CNS Mandarin | F105: WIP
B106: CE03 | C106: CCC CNS Mandarin Email | D106: CC29 | E106: CCC CNS Mandarin | F106: WIP
B107: AZ11 | C107: Storage ProSupport ANZ | E107: Need to Split between GP01 and GM01 | F107: WIP
B108: MY14 | C108: Storage ProSupport SA | F108: WIP
B109: KR05 | C109: KOR Compute Basic Korean | D109: KR14 | E109: Korea CNS | F109: WIP
B110: KR12 | C110: KOR Compute Upsell Korean | D110: KR14 | E110: Korea CNS | F110: WIP
B111: KR13 | C111: KOR Networking Upsell Korean | D111: KR14 | E111: Korea CNS | F111: WIP
B112: IS37 | C112: APJ HES XtremIO | D112: AP23 | E112: APJ HES MIDRANGE Japanese | F112: WIP
B113: IS11 | C113: APJ DPD AVAMAR | E113: APJ DPD Japanese
B114: IS15 | C114: APJ DPD DataDomain | E114: APJ DPD Japanese
B115: IS23 | C115: APJ DPD Networker | E115: APJ DPD Japanese
B116: GH11 | C116: GLOBAL DPD RecoverPoint | E116: APJ DPD Japanese

Sheet Sheet4
C3: AP26 | D3: =VLOOKUP(C3,$L$3:$M$212,2,FALSE) -> #N/A | L3: CC12 | M3: Social Media CCC
C4: AZ09 | D4: =VLOOKUP(C4,$L$3:$M$212,2,FALSE) -> #N/A | L4: CT23 | M4: GLOBAL HES BSAFE
C5: AZ10 | D5: =VLOOKUP(C5,$L$3:$M$212,2,FALSE) -> Server ProSupport ANZ | L5: CT24 | M5: HCS Global DSE
C6: AZ16 | D6: =VLOOKUP(C6,$L$3:$M$212,2,FALSE) -> Enterprise ANZ AOH | L6: CT25 | M6: Global Compute Hardware
C7: BT02 | D7: =VLOOKUP(C7,$L$3:$M$212,2,FALSE) -> #N/A | L7: CT27 | M7: Global Compute Software
C8: BT03 | D8: =VLOOKUP(C8,$L$3:$M$212,2,FALSE) -> #N/A | L8: CT30 | M8: Global Networking
C9: BT05 | D9: =VLOOKUP(C9,$L$3:$M$212,2,FALSE) -> EMEA Server Upsell English | L9: CT37 | M9: APJ HES CST Japanese
C10: BZ14 | D10: =VLOOKUP(C10,$L$3:$M$212,2,FALSE) -> #N/A | L10: CT68 | M10: RPS Proactive Systems Maintenance
C11: CC12 | D11: =VLOOKUP(C11,$L$3:$M$212,2,FALSE) -> Social Media CCC | L11: CT69 | M11: Social Media English
C12: CM03 | D12: =VLOOKUP(C12,$L$3:$M$212,2,FALSE) -> #N/A | L12: GC12 | M12: E2E Quality Coach
C13: CT24 | D13: =VLOOKUP(C13,$L$3:$M$212,2,FALSE) -> HCS Global DSE | L13: GC13 | M13: GIST Quality Coach
C14: CT27 | D14: =VLOOKUP(C14,$L$3:$M$212,2,FALSE) -> Global Compute Software | L14: GC14 | M14: Licensing Quality Coach
... C123: WM05 | D123: =VLOOKUP(C123,$L$3:$M$212,2,FALSE) -> APJ WFM | L123: TH07 | M123: Enterprise Pro/Core TH
L124: VN03 | M124: Enterprise Pro/Core VN
L125: AP10 | M125: APJ UDS PowerScale Chinese
L126: AP11 | M126: APJ UDS PowerScale Japanese
L127: AP12 | M127: APJ DPD AVAMAR Chinese
L128: AP13 | M128: APJ HES Connectivity Chinese
L129: AP14 | M129: APJ DPD DataDomain Chinese
L130: AP15 | M130: HCS APJ VxRail Chinese
L131: AP16 | M131: HCS APJ VxRail Japanese
L132: AP17 | M132: APJ HES Integrated_Software Chinese
L133: AP18 | M133: APJ DPD Networker Chinese
L134: AP19 | M134: APJ HES Symmetrix Chinese
L135: AP20 | M135: APJ HES Symmetrix Japanese
... L212: RL15 | M212: HCS LATAM MMCLA VxRail

Sheet Sheet5
D5: 1 | E5: 2 | F5: 3
D6: AZ10 | E6: Server ProSupport ANZ | F6: =VLOOKUP(D6,UniqueCCOQueueCodes!$A$379:$T$505,20,FALSE) -> #N/A
D7: AZ16 | E7: Enterprise ANZ AOH | F7: =VLOOKUP(D7,UniqueCCOQueueCodes!$A$379:$T$505,20,FALSE) -> #N/A
D8: BT05 | E8: EMEA Server Upsell English | F8: =VLOOKUP(D8,UniqueCCOQueueCodes!$A$379:$T$505,20,FALSE) -> #N/A
D9: CC12 | E9: Social Media CCC | F9: =VLOOKUP(D9,UniqueCCOQueueCodes!$A$379:$T$505,20,FALSE) -> #N/A
D10: CT24 | E10: HCS Global DSE | F10: =VLOOKUP(D10,UniqueCCOQueueCodes!$A$379:$T$505,20,FALSE) -> #N/A
D11: CT27 | E11: Global Compute Software | F11: =VLOOKUP(D11,UniqueCCOQueueCodes!$A$379:$T$505,20,FALSE) -> Not Planned
D12: CT29 | E12: HCS Global Vmware | F12: =VLOOKUP(D12,UniqueCCOQueueCodes!$A$379:$T$505,20,FALSE) -> #N/A
D13: CT68 | E13: RPS Proactive Systems Maintenance | F13: =VLOOKUP(D13,UniqueCCOQueueCodes!$A$379:$T$505,20,FALSE) -> #N/A
D14: CT69 | E14: Social Media English | F14: =VLOOKUP(D14,UniqueCCOQueueCodes!$A$379:$T$505,20,FALSE) -> Not Planned
D15: EG13 | E15: HCS Global Cloud Solutions | F15: =VLOOKUP(D15,UniqueCCOQueueCodes!$A$379:$T$505,20,FALSE) -> #N/A
D16: GB11 | E16: ENG Modular (CWD) | F16: =VLOOKUP(D16,UniqueCCOQueueCodes!$A$379:$T$505,20,FALSE) -> #N/A
D17: GB16 | E17: ENG ProSupp Server 247 (CWD) | F17: =VLOOKUP(D17,UniqueCCOQueueCodes!$A$379:$T$505,20,FALSE) -> #N/A
... D78: WM05 | E78: APJ WFM | F78: =VLOOKUP(D78,UniqueCCOQueueCodes!$A$379:$T$505,20,FALSE) -> Not Planned

Sheet Sheet6
C5: CT29 | D5: HCS Global Vmware | E5: HES | F5: GS01
C6: EG13 | D6: HCS Global Cloud Solutions | E6: HES | F6: GS01
C7: GH06 | D7: GLOBAL DPD DPSolutions | E7: HES | F7: GH06
C8: GH15 | D8: HCS Global Solutions | E8: HES | F8: GS02
C9: GH22 | D9: GLOBAL HES MIDRANGE | E9: HES | F9: BL17
C10: GH24 | D10: GLOBAL HES XtremIO | E10: HES | F10: BL17
C11: IS14 | D11: APJ HES Connectivity | E11: HES | F11: GC22
C12: IS21 | D12: APJ HES Integrated_Software | E12: HES | F12: HE12
C13: IS31 | D13: APJ HES Symmetrix | E13: HES | F13: GC23
C14: IS32 | D14: APJ HES SymmSW | E14: HES | F14: GC24
C15: IS34 | D15: APJ HES MIDRANGE | E15: HES | F15: GS05
C16: IS36 | D16: APJ HES Vplex | E16: HES | F16: GC24
... C29: IU45 | D29: NAMER HES Vplex | E29: HES | F29: GC24

Sheet Sheet2
A1: Flag | B1: Y
A4: LOB Alignment | B4: L5 | C4: Resource Region
A5: Avamar | B5: Punch, Patrick | C5: EMEA
C6: Global
C7: LATAM
C8: NAMER
B9: Yap, Diane | C9: APJ
C10: India
A11: Cloudboost | B11: Punch, Patrick | C11: Global
A12: Connectivity | B12: Whitney, Rich | C12: EMEA
C13: Global
C14: NAMER
B15: Yap, Diane | C15: APJ
C16: India
A17: Datadomain | B17: Punch, Patrick | C17: EMEA
C18: Global
C19: LATAM
C20: NAMER
B21: Yap, Diane | C21: APJ
C22: India
A23: DLM | B23: Whitney, Rich | C23: Global
A24: DP Solutions | B24: Yap, Diane | C24: APJ
A25: DPA | B25: Punch, Patrick | C25: Global
A26: DPADSRT | B26: Punch, Patrick | C26: Global
A27: DPSolutions | B27: Punch, Patrick | C27: Global
B28: Yap, Diane | C28: India
A29: Hyperconverged | B29: D'Arcy, Mark | C29: EMEA
C30: Global
C31: LATAM
C32: NAMER
B33: Yap, Diane | C33: APJ
C34: India
A35: Integrated_Software | B35: Whitney, Rich | C35: EMEA
C36: Global
C37: NAMER
B38: Yap, Diane | C38: APJ
C39: India
A40: Isilon | B40: Punch, Patrick | C40: EMEA
C41: Global
C42: LATAM
C43: NAMER
B44: Yap, Diane | C44: APJ
C45: India
A46: Mainframe | B46: Whitney, Rich | C46: Global
A47: Midrange | B47: Whitney, Rich | C47: EMEA
C48: Global
C49: LATAM
C50: NAMER
B51: Yap, Diane | C51: APJ
C52: India
A53: Networker | B53: Punch, Patrick | C53: EMEA
C54: Global
C55: LATAM
C56: NAMER
B57: Yap, Diane | C57: APJ
C58: India
A59: OBJ | B59: Punch, Patrick | C59: EMEA
C60: Global
C61: NAMER
B62: Yap, Diane | C62: APJ
C63: India
A64: Powerflex | B64: D'Arcy, Mark | C64: Global
A65: PowerProtect | B65: Punch, Patrick | C65: Global
A66: RecoverPoint | B66: Punch, Patrick | C66: Global
A67: Solutions | B67: D'Arcy, Mark | C67: Global
A68: Sourceone | B68: Punch, Patrick | C68: Global
A69: Symmetrix | B69: Whitney, Rich | C69: EMEA
C70: Global
C71: LATAM
C72: NAMER
B73: Yap, Diane | C73: APJ
C74: India
A75: Symmsw | B75: Whitney, Rich | C75: EMEA
C76: Global
C77: LATAM
C78: NAMER
B79: Yap, Diane | C79: APJ
C80: India
A81: Vplex | B81: Whitney, Rich | C81: EMEA
C82: Global
C83: NAMER
B84: Yap, Diane | C84: APJ
C85: India
A86: Vxrail | B86: Yap, Diane | C86: APJ
A87: Wipro | B87: Punch, Patrick | C87: Global
A88: XtremIO | B88: Whitney, Rich | C88: EMEA
C89: Global
C90: NAMER
B91: Yap, Diane | C91: APJ
C92: India
A93: Grand Total

Sheet Sheet3
B1: CCOQueueAbbr | C1: CCOQueueCode
B2: Not Assigned | C2: Not Assigned
B3: Not Assigned | C3: Not Assigned
B4: Not Assigned | C4: Not Assigned
B5: Not Assigned | C5: Not Assigned
B6: Not Assigned | C6: Not Assigned
B7: Not Assigned | C7: Not Assigned
B8: Not Assigned | C8: Not Assigned
B9: Not Assigned | C9: Not Assigned
B10: Not Assigned | C10: Not Assigned
B11: NF42 | C11: SSO Non-Frontline
B12: Not Assigned | C12: Not Assigned
... B10814: Not Assigned | C10814: Not Assigned

Sheet Attrition
A1: Resource Region | B1: Quarterly Attrition
A2: APJ | B2: 0.0086107922
A3: EMEA | B3: 0.013363029
A4: Global | B4: 0.012025655
A5: LATAM | B5: 0.0081081081
A6: NAMER | B6: 0.033227848

Sheet TeamToQueueMap
A1: oracle_prem_team_nm | B1: epicenter_cco_queue_code | C1: epicenter_cco_queue_desc | D1: Planned
A2: AM_ASE_57_WS_SANFRANCISCO_L_C | E2: =VLOOKUP(B2,UniqueCCOQueueCodes!A:F,6,0) -> #N/A
A3: AM_ASE_57_WS_SEATTLE-WA_L_A | E3: =VLOOKUP(B3,UniqueCCOQueueCodes!A:F,6,0) -> #N/A
A4: AM_ASE_57_WS_SEATTLE-WA_M_A | E4: =VLOOKUP(B4,UniqueCCOQueueCodes!A:F,6,0) -> #N/A
A5: AM_ASE_64_CN_COLMBIA-SC_S_A | E5: =VLOOKUP(B5,UniqueCCOQueueCodes!A:F,6,0) -> #N/A
A6: AM_ASE_64_CN_MIAMI-FL_L_A | E6: =VLOOKUP(B6,UniqueCCOQueueCodes!A:F,6,0) -> #N/A
A7: AM_ASE_65_CN_CHICAGO-IL_L_A | E7: =VLOOKUP(B7,UniqueCCOQueueCodes!A:F,6,0) -> #N/A
A8: APJ_ASE_42_GC_Taiwan_L_A | E8: =VLOOKUP(B8,UniqueCCOQueueCodes!A:F,6,0) -> #N/A
A9: APJ_AVAMAR_GS_A | B9: HE36 | C9: HES Global AVAMAR | D9: =VLOOKUP(B9,UniqueCCOQueueCodes!$A$2:$F$554,4,FALSE) -> DPD | E9: =VLOOKUP(B9,UniqueCCOQueueCodes!A:F,6,0) -> Y
A10: APJ_AVAMAR_GS_B | B10: HE36 | C10: HES Global AVAMAR | D10: =VLOOKUP(B10,UniqueCCOQueueCodes!$A$2:$F$554,4,FALSE) -> DPD | E10: =VLOOKUP(B10,UniqueCCOQueueCodes!A:F,6,0) -> Y
A11: APJ_AVAMAR_GS_C | B11: HE36 | C11: HES Global AVAMAR | D11: =VLOOKUP(B11,UniqueCCOQueueCodes!$A$2:$F$554,4,FALSE) -> DPD | E11: =VLOOKUP(B11,UniqueCCOQueueCodes!A:F,6,0) -> Y
A12: APJ_Connectivity_GS_A | B12: HE29 | C12: HES Global Connectivity | D12: =VLOOKUP(B12,UniqueCCOQueueCodes!$A$2:$F$554,4,FALSE) -> Primary | E12: =VLOOKUP(B12,UniqueCCOQueueCodes!A:F,6,0) -> Y
A13: APJ_Connectivity_GS_B | B13: HE29 | C13: HES Global Connectivity | D13: =VLOOKUP(B13,UniqueCCOQueueCodes!$A$2:$F$554,4,FALSE) -> Primary | E13: =VLOOKUP(B13,UniqueCCOQueueCodes!A:F,6,0) -> Y
A14: APJ_Connectivity_GS_C | B14: HE29 | C14: HES Global Connectivity | D14: =VLOOKUP(B14,UniqueCCOQueueCodes!$A$2:$F$554,4,FALSE) -> Primary | E14: =VLOOKUP(B14,UniqueCCOQueueCodes!A:F,6,0) -> Y
A15: APJ_Converged_GS_C | B15: CT19 | C15: GLOBAL CONVERGED | D15: =VLOOKUP(B15,UniqueCCOQueueCodes!$A$2:$F$554,4,FALSE) -> GNCS | E15: =VLOOKUP(B15,UniqueCCOQueueCodes!A:F,6,0) -> Y
A16: APJ_Converged_GS_E | B16: CT19 | C16: GLOBAL CONVERGED | D16: =VLOOKUP(B16,UniqueCCOQueueCodes!$A$2:$F$554,4,FALSE) -> GNCS | E16: =VLOOKUP(B16,UniqueCCOQueueCodes!A:F,6,0) -> Y
A17: APJ_DataDomain_GS_A | B17: HE38 | C17: HES Global DATADomain | D17: =VLOOKUP(B17,UniqueCCOQueueCodes!$A$2:$F$554,4,FALSE) -> DPD | E17: =VLOOKUP(B17,UniqueCCOQueueCodes!A:F,6,0) -> Y
A18: APJ_DataDomain_GS_B | B18: HE38 | C18: HES Global DATADomain | D18: =VLOOKUP(B18,UniqueCCOQueueCodes!$A$2:$F$554,4,FALSE) -> DPD | E18: =VLOOKUP(B18,UniqueCCOQueueCodes!A:F,6,0) -> Y
A19: APJ_DLM_GS_A | B19: HE26 | C19: HES Global DLM | D19: =VLOOKUP(B19,UniqueCCOQueueCodes!$A$2:$F$554,4,FALSE) -> Primary | E19: =VLOOKUP(B19,UniqueCCOQueueCodes!A:F,6,0) -> Y
A20: APJ_DPA_GS_A | B20: HE42 | C20: HES Global DPA | D20: =VLOOKUP(B20,UniqueCCOQueueCodes!$A$2:$F$554,4,FALSE) -> DPD | E20: =VLOOKUP(B20,UniqueCCOQueueCodes!A:F,6,0) -> Y
... A39: APJ_RecoverPoint_GS_C | B39: HE39 | C39: HES Global RecoverPoint | D39: =VLOOKUP(B39,UniqueCCOQueueCodes!$A$2:$F$554,4,FALSE) -> DPD | E39: =VLOOKUP(B39,UniqueCCOQueueCodes!A:F,6,0) -> Y
A40: APJ_S&AS_AS_ANZ_A | D40: =VLOOKUP(B40,UniqueCCOQueueCodes!$A$2:$F$554,4,FALSE) -> #N/A | E40: =VLOOKUP(B40,UniqueCCOQueueCodes!A:F,6,0) -> #N/A
A41: APJ_S&AS_AS_CHINA_A | D41: =VLOOKUP(B41,UniqueCCOQueueCodes!$A$2:$F$554,4,FALSE) -> #N/A | E41: =VLOOKUP(B41,UniqueCCOQueueCodes!A:F,6,0) -> #N/A
A42: APJ_S&AS_AS_JAPAN_A | D42: =VLOOKUP(B42,UniqueCCOQueueCodes!$A$2:$F$554,4,FALSE) -> #N/A | E42: =VLOOKUP(B42,UniqueCCOQueueCodes!A:F,6,0) -> #N/A
A43: APJ_S&AS_CORE_JAPAN_A | D43: =VLOOKUP(B43,UniqueCCOQueueCodes!$A$2:$F$554,4,FALSE) -> #N/A | E43: =VLOOKUP(B43,UniqueCCOQueueCodes!A:F,6,0) -> #N/A
A44: APJ_SAM_A | D44: =VLOOKUP(B44,UniqueCCOQueueCodes!$A$2:$F$554,4,FALSE) -> #N/A | E44: =VLOOKUP(B44,UniqueCCOQueueCodes!A:F,6,0) -> #N/A
A45: APJ_SCALEIO_PowerFlex_GS_A | B45: HE12 | C45: HES Global Integrated Software | D45: =VLOOKUP(B45,UniqueCCOQueueCodes!$A$2:$F$554,4,FALSE) -> Primary | E45: =VLOOKUP(B45,UniqueCCOQueueCodes!A:F,6,0) -> Y
A46: APJ_SCALEIO_PowerFlex_GS_B | B46: HE12 | C46: HES Global Integrated Software | D46: =VLOOKUP(B46,UniqueCCOQueueCodes!$A$2:$F$554,4,FALSE) -> Primary | E46: =VLOOKUP(B46,UniqueCCOQueueCodes!A:F,6,0) -> Y
A47: APJ_SCALEIO_PowerFlex_GS_C | B47: HE12 | C47: HES Global Integrated Software | D47: =VLOOKUP(B47,UniqueCCOQueueCodes!$A$2:$F$554,4,FALSE) -> Primary | E47: =VLOOKUP(B47,UniqueCCOQueueCodes!A:F,6,0) -> Y
A48: APJ_Solutions_GS_A | B48: HE30 | C48: HES Global Solutions | D48: =VLOOKUP(B48,UniqueCCOQueueCodes!$A$2:$F$554,4,FALSE) -> GNCS | E48: =VLOOKUP(B48,UniqueCCOQueueCodes!A:F,6,0) -> Y
A49: APJ_SOURCEONE_GS_A | B49: GH12 | C49: GLOBAL DPD SOURCEONE | D49: =VLOOKUP(B49,UniqueCCOQueueCodes!$A$2:$F$554,4,FALSE) -> DPD | E49: =VLOOKUP(B49,UniqueCCOQueueCodes!A:F,6,0) -> Y
A50: APJ_Symm_GS_A | B50: HE22 | C50: HES Global Symmetrix | D50: =VLOOKUP(B50,UniqueCCOQueueCodes!$A$2:$F$554,4,FALSE) -> Primary | E50: =VLOOKUP(B50,UniqueCCOQueueCodes!A:F,6,0) -> Y
A51: APJ_Symm_GS_B | B51: HE22 | C51: HES Global Symmetrix | D51: =VLOOKUP(B51,UniqueCCOQueueCodes!$A$2:$F$554,4,FALSE) -> Primary | E51: =VLOOKUP(B51,UniqueCCOQueueCodes!A:F,6,0) -> Y
A52: APJ_Symm_GS_C | B52: HE22 | C52: HES Global Symmetrix | D52: =VLOOKUP(B52,UniqueCCOQueueCodes!$A$2:$F$554,4,FALSE) -> Primary | E52: =VLOOKUP(B52,UniqueCCOQueueCodes!A:F,6,0) -> Y
A53: APJ_Symm_GS_D | B53: HE23 | C53: HES Global SymmSW | D53: =VLOOKUP(B53,UniqueCCOQueueCodes!$A$2:$F$554,4,FALSE) -> Primary | E53: =VLOOKUP(B53,UniqueCCOQueueCodes!A:F,6,0) -> Y
A54: APJ_VNX_Midrange_GS_A | B54: GH22 | C54: GLOBAL HES MIDRANGE | D54: =VLOOKUP(B54,UniqueCCOQueueCodes!$A$2:$F$554,4,FALSE) -> Midrange | E54: =VLOOKUP(B54,UniqueCCOQueueCodes!A:F,6,0) -> Y
A55: APJ_VNX_Midrange_GS_B | B55: GH22 | C55: GLOBAL HES MIDRANGE | D55: =VLOOKUP(B55,UniqueCCOQueueCodes!$A$2:$F$554,4,FALSE) -> Midrange | E55: =VLOOKUP(B55,UniqueCCOQueueCodes!A:F,6,0) -> Y
A56: APJ_VNX_Midrange_Recovery_A | B56: GH22 | C56: GLOBAL HES MIDRANGE | D56: =VLOOKUP(B56,UniqueCCOQueueCodes!$A$2:$F$554,4,FALSE) -> Midrange | E56: =VLOOKUP(B56,UniqueCCOQueueCodes!A:F,6,0) -> Y
... A68: BNG_Connectivity_Connectrix_A | B68: HE29 | C68: HES Global Connectivity | D68: =VLOOKUP(B68,UniqueCCOQueueCodes!$A$2:$F$554,4,FALSE) -> Primary | E68: =VLOOKUP(B68,UniqueCCOQueueCodes!A:F,6,0) -> Y
A69: BNG_CSTLIC_B | D69: =VLOOKUP(B69,UniqueCCOQueueCodes!$A$2:$F$554,4,FALSE) -> #N/A | E69: =VLOOKUP(B69,UniqueCCOQueueCodes!A:F,6,0) -> #N/A
A70: BNG_CSTLIC_C | D70: =VLOOKUP(B70,UniqueCCOQueueCodes!$A$2:$F$554,4,FALSE) -> #N/A | E70: =VLOOKUP(B70,UniqueCCOQueueCodes!A:F,6,0) -> #N/A
A71: BNG_DATADOMAIN_A | B71: HE38 | C71: HES Global DATADomain | D71: =VLOOKUP(B71,UniqueCCOQueueCodes!$A$2:$F$554,4,FALSE) -> DPD | E71: =VLOOKUP(B71,UniqueCCOQueueCodes!A:F,6,0) -> Y
A72: BNG_DATADOMAIN_B | B72: HE38 | C72: HES Global DATADomain | D72: =VLOOKUP(B72,UniqueCCOQueueCodes!$A$2:$F$554,4,FALSE) -> DPD | E72: =VLOOKUP(B72,UniqueCCOQueueCodes!A:F,6,0) -> Y
A73: BNG_DataDomain_Wipro_A | B73: HE38 | C73: HES Global DATADomain | D73: =VLOOKUP(B73,UniqueCCOQueueCodes!$A$2:$F$554,4,FALSE) -> DPD | E73: =VLOOKUP(B73,UniqueCCOQueueCodes!A:F,6,0) -> Y
A74: BNG_DataDomain_WIPRO_B | B74: HE38 | C74: HES Global DATADomain | D74: =VLOOKUP(B74,UniqueCCOQueueCodes!$A$2:$F$554,4,FALSE) -> DPD | E74: =VLOOKUP(B74,UniqueCCOQueueCodes!A:F,6,0) -> Y
A75: BNG_DPA_WIPRO_A | B75: HE42 | C75: HES Global DPA | D75: =VLOOKUP(B75,UniqueCCOQueueCodes!$A$2:$F$554,4,FALSE) -> DPD | E75: =VLOOKUP(B75,UniqueCCOQueueCodes!A:F,6,0) -> Y
A76: BNG_DPSolutions_A | B76: HE38 | C76: HES Global DATADomain | D76: =VLOOKUP(B76,UniqueCCOQueueCodes!$A$2:$F$554,4,FALSE) -> DPD | E76: =VLOOKUP(B76,UniqueCCOQueueCodes!A:F,6,0) -> Y
A77: BNG_E2E_Connectivity_Wipro_A | B77: HE53 | C77: HES Global E2E CONNECTIVITY | D77: =VLOOKUP(B77,UniqueCCOQueueCodes!$A$2:$F$554,4,FALSE) -> E2E | E77: =VLOOKUP(B77,UniqueCCOQueueCodes!A:F,6,0) -> Y
A78: BNG_GBST&M_A | D78: =VLOOKUP(B78,UniqueCCOQueueCodes!$A$2:$F$554,4,FALSE) -> #N/A | E78: =VLOOKUP(B78,UniqueCCOQueueCodes!A:F,6,0) -> #N/A
A79: BNG_Hyperconverged_A | B79: HE71 | C79: APJ English VxRail | D79: =VLOOKUP(B79,UniqueCCOQueueCodes!$A$2:$F$554,4,FALSE) -> GNCS | E79: =VLOOKUP(B79,UniqueCCOQueueCodes!A:F,6,0) -> Y
A80: BNG_Integrated_Software_A | B80: HE12 | C80: HES Global Integrated Software | D80: =VLOOKUP(B80,UniqueCCOQueueCodes!$A$2:$F$554,4,FALSE) -> Primary | E80: =VLOOKUP(B80,UniqueCCOQueueCodes!A:F,6,0) -> Y
A81: BNG_Integrated_Software_B | B81: HE12 | C81: HES Global Integrated Software | D81: =VLOOKUP(B81,UniqueCCOQueueCodes!$A$2:$F$554,4,FALSE) -> Primary | E81: =VLOOKUP(B81,UniqueCCOQueueCodes!A:F,6,0) -> Y
A82: BNG_Integrated_Software_WIPR_A | B82: HE12 | C82: HES Global Integrated Software | D82: =VLOOKUP(B82,UniqueCCOQueueCodes!$A$2:$F$554,4,FALSE) -> Primary | E82: =VLOOKUP(B82,UniqueCCOQueueCodes!A:F,6,0) -> Y
A83: BNG_ISILON_A | B83: HEC7 | C83: APJ English Isilon | D83: =VLOOKUP(B83,UniqueCCOQueueCodes!$A$2:$F$554,4,FALSE) -> 0 | E83: =VLOOKUP(B83,UniqueCCOQueueCodes!A:F,6,0) -> Y
A84: BNG_ISILON_B | B84: HE06 | C84: HES Global Isilon Support | D84: =VLOOKUP(B84,UniqueCCOQueueCodes!$A$2:$F$554,4,FALSE) -> UDS | E84: =VLOOKUP(B84,UniqueCCOQueueCodes!A:F,6,0) -> Y
A85: BNG_ISILON_C | B85: HE06 | C85: HES Global Isilon Support | D85: =VLOOKUP(B85,UniqueCCOQueueCodes!$A$2:$F$554,4,FALSE) -> UDS | E85: =VLOOKUP(B85,UniqueCCOQueueCodes!A:F,6,0) -> Y
A86: BNG_ISILON_D | B86: HEC7 | C86: APJ English Isilon | D86: =VLOOKUP(B86,UniqueCCOQueueCodes!$A$2:$F$554,4,FALSE) -> 0 | E86: =VLOOKUP(B86,UniqueCCOQueueCodes!A:F,6,0) -> Y
A87: BNG_ISILON_WIPRO_A | B87: HE06 | C87: HES Global Isilon Support | D87: =VLOOKUP(B87,UniqueCCOQueueCodes!$A$2:$F$554,4,FALSE) -> UDS | E87: =VLOOKUP(B87,UniqueCCOQueueCodes!A:F,6,0) -> Y
A88: BNG_ISILON_WIPRO_B | B88: HE06 | C88: HES Global Isilon Support | D88: =VLOOKUP(B88,UniqueCCOQueueCodes!$A$2:$F$554,4,FALSE) -> UDS | E88: =VLOOKUP(B88,UniqueCCOQueueCodes!A:F,6,0) -> Y
A89: BNG_ISILON_WIPRO_C | B89: HE06 | C89: HES Global Isilon Support | D89: =VLOOKUP(B89,UniqueCCOQueueCodes!$A$2:$F$554,4,FALSE) -> UDS | E89: =VLOOKUP(B89,UniqueCCOQueueCodes!A:F,6,0) -> Y
A90: BNG_Networker_TSE_A | B90: HE37 | C90: HES Global Networker | D90: =VLOOKUP(B90,UniqueCCOQueueCodes!$A$2:$F$554,4,FALSE) -> DPD | E90: =VLOOKUP(B90,UniqueCCOQueueCodes!A:F,6,0) -> Y
... A144: CAI_CSTCHAT_WEB-CHAT_A | B144: HE01 | C144: HES Global CST Chat | D144: =VLOOKUP(B144,UniqueCCOQueueCodes!$A$2:$F$554,4,FALSE) -> GIST | E144: =VLOOKUP(B144,UniqueCCOQueueCodes!A:F,6,0) -> Y
A145: CAI_CSTLIC_A | D145: =VLOOKUP(B145,UniqueCCOQueueCodes!$A$2:$F$554,4,FALSE) -> #N/A | E145: =VLOOKUP(B145,UniqueCCOQueueCodes!A:F,6,0) -> #N/A
A146: CAI_DATADOMAIN_A | B146: HE38 | C146: HES Global DATADomain | D146: =VLOOKUP(B146,UniqueCCOQueueCodes!$A$2:$F$554,4,FALSE) -> DPD | E146: =VLOOKUP(B146,UniqueCCOQueueCodes!A:F,6,0) -> Y
A147: CAI_E2E_Connectivity_A | B147: HE53 | C147: HES Global E2E CONNECTIVITY | D147: =VLOOKUP(B147,UniqueCCOQueueCodes!$A$2:$F$554,4,FALSE) -> E2E | E147: =VLOOKUP(B147,UniqueCCOQueueCodes!A:F,6,0) -> Y
A148: CAI_Hyperconverged_A | B148: HE63 | C148: UKI VXRail | D148: =VLOOKUP(B148,UniqueCCOQueueCodes!$A$2:$F$554,4,FALSE) -> GNCS | E148: =VLOOKUP(B148,UniqueCCOQueueCodes!A:F,6,0) -> Y
A149: CAI_Integrated_Software_A | B149: HE12 | C149: HES Global Integrated Software | D149: =VLOOKUP(B149,UniqueCCOQueueCodes!$A$2:$F$554,4,FALSE) -> Primary | E149: =VLOOKUP(B149,UniqueCCOQueueCodes!A:F,6,0) -> Y
A150: CAI_ISILON_A | B150: HE06 | C150: HES Global Isilon Support | D150: =VLOOKUP(B150,UniqueCCOQueueCodes!$A$2:$F$554,4,FALSE) -> UDS | E150: =VLOOKUP(B150,UniqueCCOQueueCodes!A:F,6,0) -> Y
A151: CAI_ISILON_B | B151: HE06 | C151: HES Global Isilon Support | D151: =VLOOKUP(B151,UniqueCCOQueueCodes!$A$2:$F$554,4,FALSE) -> UDS | E151: =VLOOKUP(B151,UniqueCCOQueueCodes!A:F,6,0) -> Y
A152: CAI_ISILON_C | B152: HE06 | C152: HES Global Isilon Support | D152: =VLOOKUP(B152,UniqueCCOQueueCodes!$A$2:$F$554,4,FALSE) -> UDS | E152: =VLOOKUP(B152,UniqueCCOQueueCodes!A:F,6,0) -> Y
A153: CAI_ISILON_D | B153: HE06 | C153: HES Global Isilon Support | D153: =VLOOKUP(B153,UniqueCCOQueueCodes!$A$2:$F$554,4,FALSE) -> UDS | E153: =VLOOKUP(B153,UniqueCCOQueueCodes!A:F,6,0) -> Y
A154: CAI_Networker_TSE_A | B154: HE37 | C154: HES Global Networker | D154: =VLOOKUP(B154,UniqueCCOQueueCodes!$A$2:$F$554,4,FALSE) -> DPD | E154: =VLOOKUP(B154,UniqueCCOQueueCodes!A:F,6,0) -> Y
A155: CAI_OBJ_A | B155: HE48 | C155: HES Global OBJ | D155: =VLOOKUP(B155,UniqueCCOQueueCodes!$A$2:$F$554,4,FALSE) -> UDS | E155: =VLOOKUP(B155,UniqueCCOQueueCodes!A:F,6,0) -> Y
A156: CAI_RCM_A | B156: HE52 | C156: HES Global RCM | D156: =VLOOKUP(B156,UniqueCCOQueueCodes!$A$2:$F$554,4,FALSE) -> RPS | E156: =VLOOKUP(B156,UniqueCCOQueueCodes!A:F,6,0) -> N
A157: CAI_RCM_B | B157: HE52 | C157: HES Global RCM | D157: =VLOOKUP(B157,UniqueCCOQueueCodes!$A$2:$F$554,4,FALSE) -> RPS | E157: =VLOOKUP(B157,UniqueCCOQueueCodes!A:F,6,0) -> N
... A179: CRK_CST_VIC_A | B179: HE04 | C179: HES Global CST VIC | D179: =VLOOKUP(B179,UniqueCCOQueueCodes!$A$2:$F$554,4,FALSE) -> 0 | E179: =VLOOKUP(B179,UniqueCCOQueueCodes!A:F,6,0) -> N
A180: CRK_CSTLIC_A | D180: =VLOOKUP(B180,UniqueCCOQueueCodes!$A$2:$F$554,4,FALSE) -> #N/A | E180: =VLOOKUP(B180,UniqueCCOQueueCodes!A:F,6,0) -> #N/A
A181: CRK_CSTLIC_B | D181: =VLOOKUP(B181,UniqueCCOQueueCodes!$A$2:$F$554,4,FALSE) -> #N/A | E181: =VLOOKUP(B181,UniqueCCOQueueCodes!A:F,6,0) -> #N/A
A182: CRK_DataDomain_A | B182: HE38 | C182: HES Global DATADomain | D182: =VLOOKUP(B182,UniqueCCOQueueCodes!$A$2:$F$554,4,FALSE) -> DPD | E182: =VLOOKUP(B182,UniqueCCOQueueCodes!A:F,6,0) -> Y
A183: CRK_DPA_TSE_A | B183: HE42 | C183: HES Global DPA | D183: =VLOOKUP(B183,UniqueCCOQueueCodes!$A$2:$F$554,4,FALSE) -> DPD | E183: =VLOOKUP(B183,UniqueCCOQueueCodes!A:F,6,0) -> Y
A184: CRK_E2E_Connectivity_A | B184: HE52 | C184: HES Global RCM | D184: =VLOOKUP(B184,UniqueCCOQueueCodes!$A$2:$F$554,4,FALSE) -> RPS | E184: =VLOOKUP(B184,UniqueCCOQueueCodes!A:F,6,0) -> N
A185: CRK_Hyperconverged_A | B185: HE63 | C185: UKI VXRail | D185: =VLOOKUP(B185,UniqueCCOQueueCodes!$A$2:$F$554,4,FALSE) -> GNCS | E185: =VLOOKUP(B185,UniqueCCOQueueCodes!A:F,6,0) -> Y
A186: CRK_Hyperconverged_B | B186: HE63 | C186: UKI VXRail | D186: =VLOOKUP(B186,UniqueCCOQueueCodes!$A$2:$F$554,4,FALSE) -> GNCS | E186: =VLOOKUP(B186,UniqueCCOQueueCodes!A:F,6,0) -> Y
A187: CRK_Integrated_Software_A | B187: HE12 | C187: HES Global Integrated Software | D187: =VLOOKUP(B187,UniqueCCOQueueCodes!$A$2:$F$554,4,FALSE) -> Primary | E187: =VLOOKUP(B187,UniqueCCOQueueCodes!A:F,6,0) -> Y
A188: CRK_Integrated_Software_B | B188: HE12 | C188: HES Global Integrated Software | D188: =VLOOKUP(B188,UniqueCCOQueueCodes!$A$2:$F$554,4,FALSE) -> Primary | E188: =VLOOKUP(B188,UniqueCCOQueueCodes!A:F,6,0) -> Y
A189: CRK_ISILON_A | B189: HE06 | C189: HES Global Isilon Support | D189: =VLOOKUP(B189,UniqueCCOQueueCodes!$A$2:$F$554,4,FALSE) -> UDS | E189: =VLOOKUP(B189,UniqueCCOQueueCodes!A:F,6,0) -> Y
A190: CRK_ISILON_ELITE_A | B190: HE06 | C190: HES Global Isilon Support | D190: =VLOOKUP(B190,UniqueCCOQueueCodes!$A$2:$F$554,4,FALSE) -> UDS | E190: =VLOOKUP(B190,UniqueCCOQueueCodes!A:F,6,0) -> Y
A191: CRK_NetWorker_TSE_A | B191: HE37 | C191: HES Global Networker | D191: =VLOOKUP(B191,UniqueCCOQueueCodes!$A$2:$F$554,4,FALSE) -> DPD | E191: =VLOOKUP(B191,UniqueCCOQueueCodes!A:F,6,0) -> Y
A192: CRK_NetWorker_TSE_D | B192: HE37 | C192: HES Global Networker | D192: =VLOOKUP(B192,UniqueCCOQueueCodes!$A$2:$F$554,4,FALSE) -> DPD | E192: =VLOOKUP(B192,UniqueCCOQueueCodes!A:F,6,0) -> Y
A193: CRK_OBJ_ATMOS_A | B193: HE48 | C193: HES Global OBJ | D193: =VLOOKUP(B193,UniqueCCOQueueCodes!$A$2:$F$554,4,FALSE) -> UDS | E193: =VLOOKUP(B193,UniqueCCOQueueCodes!A:F,6,0) -> Y
... A210: CRK_XtremIO_Coach_A | B210: HE28 | C210: HES Global XtremIO | D210: =VLOOKUP(B210,UniqueCCOQueueCodes!$A$2:$F$554,4,FALSE) -> Primary | E210: =VLOOKUP(B210,UniqueCCOQueueCodes!A:F,6,0) -> Y
A211: CSM Accounts | D211: =VLOOKUP(B211,UniqueCCOQueueCodes!$A$2:$F$554,4,FALSE) -> #N/A | E211: =VLOOKUP(B211,UniqueCCOQueueCodes!A:F,6,0) -> #N/A
A212: CSM APJK | D212: =VLOOKUP(B212,UniqueCCOQueueCodes!$A$2:$F$554,4,FALSE) -> #N/A | E212: =VLOOKUP(B212,UniqueCCOQueueCodes!A:F,6,0) -> #N/A
A213: CWD_Hyperconverged_A | B213: GB16 | C213: ENG ProSupp Server 247 (CWD) | D213: =VLOOKUP(B213,UniqueCCOQueueCodes!$A$2:$F$554,4,FALSE) -> Server | E213: =VLOOKUP(B213,UniqueCCOQueueCodes!A:F,6,0) -> Y
A214: CWD_Hyperconverged_B | B214: GB16 | C214: ENG ProSupp Server 247 (CWD) | D214: =VLOOKUP(B214,UniqueCCOQueueCodes!$A$2:$F$554,4,FALSE) -> Server | E214: =VLOOKUP(B214,UniqueCCOQueueCodes!A:F,6,0) -> Y
A215: CWD_VNX_MIDRANGE_247_A | B215: GB21 | C215: ProSupp Storage 247 (CWD) | D215: =VLOOKUP(B215,UniqueCCOQueueCodes!$A$2:$F$554,4,FALSE) -> Storage | E215: =VLOOKUP(B215,UniqueCCOQueueCodes!A:F,6,0) -> Y
A216: CWD_VNX_MIDRANGE_247_B | B216: GB21 | C216: ProSupp Storage 247 (CWD) | D216: =VLOOKUP(B216,UniqueCCOQueueCodes!$A$2:$F$554,4,FALSE) -> Storage | E216: =VLOOKUP(B216,UniqueCCOQueueCodes!A:F,6,0) -> Y
A217: EDN_VNX_Midrange_L1_A | B217: VX01 | C217: NA Midrange Storage VNX/e | D217: =VLOOKUP(B217,UniqueCCOQueueCodes!$A$2:$F$554,4,FALSE) -> Midrange | E217: =VLOOKUP(B217,UniqueCCOQueueCodes!A:F,6,0) -> Y
A218: EMEA_ASE_29_RSA_CAPETOW_S_A | D218: =VLOOKUP(B218,UniqueCCOQueueCodes!$A$2:$F$554,4,FALSE) -> #N/A | E218: =VLOOKUP(B218,UniqueCCOQueueCodes!A:F,6,0) -> #N/A
A219: EMEA_AVAMAR_GS_A | D219: =VLOOKUP(B219,UniqueCCOQueueCodes!$A$2:$F$554,4,FALSE) -> #N/A | E219: =VLOOKUP(B219,UniqueCCOQueueCodes!A:F,6,0) -> #N/A
...

Sheet Utilz Targets
A1: - | B1: APJ | C1: 0.629 | D1: - | G1: - | J1: - | M1: - | P1: - | S1: - | V1: - | W1: All
B2: Japan | C2: 0.582
B3: China | C3: 0.639
B4: India | C4: 0.629
B5: EMEA | C5: 0.617
B6: NAMER | C6: 0.648 | H6: EMEA | I6: 0.623
B7: Global | C7: 0.633 | H7: Cork | I7: 0.613 | J7: 0.613
B8: LATAM | C8: 0.643 | H8: Egy | I8: 0.621 | J8: 0.621
I9: =AVERAGE(I6:I8) -> 0.619 | J9: =AVERAGE(J6:J8) -> 0.617
